938.22, 0, 0, 0, 1, 0, 0, 0
938.42, -0.00042249, -0.0021145, 0.0036313, 0.99999, 0.092371, -0.0040623, -0.0039639
938.62, 0.00066712, -0.0031848, 0.0053735, 0.99998, 0.16626, 0.0029759, -0.0054983
938.82, 0.00062343, -0.0046732, 0.0084509, 0.99995, 0.25503, -0.0049272, -0.011233
939.02, 0.00050479, -0.0054268, 0.010957, 0.99993, 0.33328, -0.0053475, -0.0018378
939.22, 0.00052421, -0.0068024, 0.013596, 0.99988, 0.41915, -0.007288, -0.0053058
939.42, 0.00095247, -0.0089612, 0.017984, 0.9998, 0.51531, -0.002755, -0.0053892
939.62, 0.0010568, -0.010402, 0.02049, 0.99974, 0.60776, -0.004796, -0.0094503
939.82, 0.001264, -0.012279, 0.02372, 0.99964, 0.70015, 0.0044592, -0.0071469
940.02, 0.0011134, -0.013737, 0.027583, 0.99952, 0.79567, 0.00089842, -0.0039522
940.22, 0.0013938, -0.015543, 0.031049, 0.9994, 0.88121, 0.0021675, -0.0065436
940.42, 0.00141, -0.017726, 0.034879, 0.99923, 0.97233, 0.011956, -0.0054829
940.62, 0.0017111, -0.019699, 0.039064, 0.99904, 1.0579, 0.01868, -0.0023382
940.82, 0.0014396, -0.021328, 0.042586, 0.99886, 1.1442, 0.019919, -0.00094738
941.02, 0.0012872, -0.022806, 0.04613, 0.99867, 1.2476, 0.026864, 0.0015503
941.22, 0.00081627, -0.024352, 0.050215, 0.99844, 1.3356, 0.033292, 0.010892
941.42, 5.7022e-05, -0.025994, 0.053856, 0.99821, 1.4244, 0.040995, 0.016065
941.62, 3.9593e-05, -0.028074, 0.058096, 0.99792, 1.5202, 0.048629, 0.018365
941.82, 0.00058816, -0.029791, 0.061714, 0.99765, 1.6153, 0.062756, 0.023822
942.02, 0.00062847, -0.031586, 0.065207, 0.99737, 1.7127, 0.068259, 0.024617
942.22, 0.00058524, -0.033832, 0.069095, 0.99704, 1.8017, 0.079929, 0.024899
942.42, 0.00035338, -0.03549, 0.072705, 0.99672, 1.8841, 0.09024, 0.029285
942.62, 0.0006799, -0.036741, 0.07504, 0.9965, 1.9767, 0.1021, 0.034018
942.82, 0.0013283, -0.039093, 0.079421, 0.99607, 2.0877, 0.11827, 0.03664
943.02, 0.00058681, -0.04066, 0.083077, 0.99571, 2.1779, 0.13007, 0.045583
943.22, 0.00060857, -0.042114, 0.08573, 0.99543, 2.2645, 0.14428, 0.051505
943.42, 0.00078291, -0.044013, 0.089901, 0.99498, 2.3492, 0.15497, 0.056126
943.62, 0.0015635, -0.045408, 0.092872, 0.99464, 2.4409, 0.16252, 0.05947
943.82, 0.0013559, -0.046547, 0.09564, 0.99433, 2.5349, 0.18573, 0.070899
944.02, 0.0015645, -0.048267, 0.099383, 0.99388, 2.6242, 0.2068, 0.081203
944.22, 0.0011658, -0.049432, 0.1024, 0.99351, 2.7061, 0.22048, 0.088364
944.42, 0.0010738, -0.051184, 0.10618, 0.99303, 2.8107, 0.23584, 0.096767
944.62, 0.00020498, -0.051991, 0.10878, 0.99271, 2.9006, 0.25125, 0.11043
944.82, -7.2714e-05, -0.053011, 0.11072, 0.99244, 2.9851, 0.26838, 0.11537
945.02, 0.00041763, -0.053179, 0.11118, 0.99238, 2.9965, 0.27019, 0.11687
945.22, 0.00099057, -0.053529, 0.11127, 0.99235, 3.003, 0.26915, 0.11288
945.42, 0.0012344, -0.053652, 0.11145, 0.99232, 3.0068, 0.27009, 0.11231
945.62, 0.0011292, -0.053595, 0.11153, 0.99231, 3.0093, 0.26741, 0.1106
945.82, 0.0011386, -0.053625, 0.11142, 0.99233, 3.0118, 0.26652, 0.10938
946.02, 0.0011606, -0.05374, 0.11132, 0.99233, 3.0166, 0.26958, 0.10941
946.22, 0.0010818, -0.053619, 0.11146, 0.99232, 3.0151, 0.26392, 0.10833
946.42, 0.00095042, -0.0535, 0.11128, 0.99235, 3.015, 0.26662, 0.11045
946.62, 0.0009418, -0.053697, 0.1113, 0.99234, 3.0196, 0.26727, 0.10763
946.82, 0.0010072, -0.053575, 0.11139, 0.99233, 3.0229, 0.2688, 0.10945
947.02, 0.0016167, -0.053512, 0.11104, 0.99237, 3.0263, 0.26963, 0.10959
947.22, 0.0010723, -0.053341, 0.11121, 0.99236, 3.0222, 0.26858, 0.11085
947.42, 0.0010702, -0.053459, 0.11132, 0.99234, 3.021, 0.26867, 0.11102
947.62, 0.0013777, -0.053513, 0.11116, 0.99236, 3.0209, 0.26982, 0.10966
947.82, 0.0010134, -0.053448, 0.11132, 0.99235, 3.0242, 0.26729, 0.10919
948.02, 0.0012558, -0.053496, 0.11123, 0.99235, 3.026, 0.26821, 0.10887
948.22, 0.00098681, -0.051746, 0.10784, 0.99282, 3.0513, 0.27733, 0.11679
948.42, 0.00087477, -0.050585, 0.105, 0.99318, 3.1311, 0.29642, 0.12653
948.62, 0.0011355, -0.048389, 0.10039, 0.99377, 3.2159, 0.3154, 0.13441
948.82, 0.0018847, -0.047102, 0.096822, 0.99418, 3.2956, 0.3372, 0.14195
949.02, 0.0015334, -0.045397, 0.093928, 0.99454, 3.3796, 0.34813, 0.15007
949.22, 0.0015909, -0.042987, 0.088506, 0.99515, 3.4748, 0.37073, 0.16083
949.42, 0.0010629, -0.040828, 0.08426, 0.99561, 3.5656, 0.37902, 0.16748
949.62, 0.00092615, -0.039902, 0.081493, 0.99587, 3.6675, 0.39168, 0.17301
949.82, 0.00056124, -0.036913, 0.075471, 0.99646, 3.7739, 0.40818, 0.17883
950.22, 3.3959e-05, -0.033274, 0.067465, 0.99717, 3.9558, 0.42472, 0.18637
950.42, 0.0010886, -0.030741, 0.061674, 0.99762, 4.0507, 0.43808, 0.19303
950.62, 0.00072549, -0.028576, 0.057739, 0.99792, 4.1503, 0.44428, 0.19729
950.82, 0.00090911, -0.026435, 0.053151, 0.99824, 4.2438, 0.45452, 0.20072
951.02, 0.00090264, -0.024115, 0.047936, 0.99856, 4.3391, 0.46545, 0.20609
951.22, 0.00095733, -0.022327, 0.043624, 0.9988, 4.4268, 0.47031, 0.20605
951.42, 0.00039408, -0.019488, 0.0382, 0.99908, 4.5224, 0.47406, 0.20733
951.82, 0.00098341, -0.015553, 0.029109, 0.99945, 4.7136, 0.48008, 0.21073
952.22, 0.0010519, -0.010392, 0.01826, 0.99978, 4.9131, 0.48086, 0.2093
952.42, 0.00062157, -0.0081746, 0.013429, 0.99988, 5.0097, 0.47513, 0.20851
952.62, 0.00072919, -0.0052142, 0.0075538, 0.99996, 5.1009, 0.47486, 0.20953
952.82, 0.00094212, -0.0035037, 0.0036295, 0.99999, 5.194, 0.47314, 0.20789
953.02, 0.0011961, -0.0012128, -0.0013062, 1, 5.2918, 0.46938, 0.20654
953.22, 0.00065019, 0.0018513, -0.0077342, 0.99997, 5.3841, 0.46109, 0.2024
953.42, 0.00029715, 0.0037897, -0.012371, 0.99992, 5.4878, 0.45704, 0.20329
953.62, 0.00071646, 0.0066878, -0.018469, 0.99981, 5.5797, 0.46423, 0.20487
953.82, 0.00036685, 0.0095338, -0.023808, 0.99967, 5.6716, 0.45458, 0.19852
954.02, 0.00061623, 0.011634, -0.028423, 0.99953, 5.7606, 0.44367, 0.19433
954.22, 0.00041713, 0.014529, -0.034821, 0.99929, 5.8578, 0.43584, 0.18991
954.42, -0.00038465, 0.017269, -0.040187, 0.99904, 5.9513, 0.42053, 0.18688
954.62, -0.00010117, 0.019116, -0.04432, 0.99883, 6.0422, 0.41419, 0.18249
954.82, -0.0001751, 0.022286, -0.051251, 0.99844, 6.1388, 0.39774, 0.17848
955.02, 1.7313e-05, 0.024746, -0.056133, 0.99812, 6.2373, 0.39042, 0.17339
955.22, 0.00025266, 0.027304, -0.061086, 0.99776, 6.325, 0.37784, 0.1685
955.42, 0.0010406, 0.029945, -0.067636, 0.99726, 6.4263, 0.35696, 0.15739
955.62, 0.00068545, 0.031832, -0.071564, 0.99693, 6.521, 0.35132, 0.15551
955.82, 0.00074121, 0.034259, -0.07672, 0.99646, 6.6174, 0.33766, 0.14769
956.02, 0.00063497, 0.037152, -0.082887, 0.99587, 6.7122, 0.3155, 0.13938
956.22, 0.00081316, 0.039454, -0.087945, 0.99534, 6.8023, 0.29609, 0.12908
956.42, 0.0003556, 0.042251, -0.094114, 0.99466, 6.8962, 0.2715, 0.11808
956.62, 0.0003518, 0.045297, -0.09961, 0.99399, 6.9852, 0.244, 0.10655
956.82, -0.0002049, 0.047386, -0.10404, 0.99344, 7.075, 0.22342, 0.096524
957.02, 0.00058818, 0.050285, -0.11045, 0.99261, 7.1668, 0.19883, 0.085418
957.22, 8.7097e-05, 0.052715, -0.11548, 0.99191, 7.2617, 0.16839, 0.073033
957.42, 0.00078868, 0.054922, -0.12003, 0.99125, 7.3488, 0.15363, 0.064479
957.62, 0.00049145, 0.05764, -0.12639, 0.9903, 7.4485, 0.12431, 0.04741
957.82, 0.0010584, 0.059696, -0.13109, 0.98957, 7.5421, 0.098429, 0.036217
958.02, 0.0011458, 0.062094, -0.13591, 0.98877, 7.6249, 0.068398, 0.021563
958.22, 0.0016478, 0.064716, -0.14179, 0.98778, 7.7011, 0.038213, 0.0071643
958.42, 0.002167, 0.066838, -0.14614, 0.987, 7.7924, 0.015404, -0.0048745
958.62, 0.0016034, 0.069784, -0.15184, 0.98594, 7.8863, -0.019525, -0.020212
958.82, 0.0015856, 0.072398, -0.15773, 0.98482, 7.9684, -0.054279, -0.037682
959.02, 0.0015202, 0.074663, -0.16197, 0.98397, 8.047, -0.089243, -0.052371
959.22, 0.0013161, 0.077585, -0.16788, 0.98275, 8.1383, -0.11968, -0.065229
959.42, 0.0013526, 0.079767, -0.1728, 0.98172, 8.2254, -0.15952, -0.083192
959.62, 0.0017061, 0.081409, -0.17617, 0.98099, 8.3101, -0.19121, -0.099705
959.82, 0.0017458, 0.084404, -0.18228, 0.97962, 8.3995, -0.23042, -0.11878
960.02, 0.0010888, 0.086335, -0.1865, 0.97865, 8.4856, -0.27833, -0.13984
960.22, 0.0012351, 0.088466, -0.19087, 0.97762, 8.5656, -0.31252, -0.15601
960.42, 0.0017261, 0.091161, -0.19669, 0.97622, 8.6508, -0.35622, -0.1787
960.62, 0.0015046, 0.09312, -0.20122, 0.97511, 8.739, -0.38507, -0.19218
960.82, 0.0015463, 0.094929, -0.2056, 0.97402, 8.8199, -0.42489, -0.20847
961.02, 0.0016565, 0.09494, -0.20558, 0.97402, 8.8261, -0.43157, -0.21223
961.22, 0.0012476, 0.095061, -0.20557, 0.97401, 8.8228, -0.43332, -0.21162
961.42, 0.001532, 0.095154, -0.20544, 0.97403, 8.8237, -0.42925, -0.21136
961.62, 0.0019941, 0.095255, -0.20558, 0.97399, 8.8209, -0.43227, -0.21269
961.82, 0.0016913, 0.095233, -0.20539, 0.97404, 8.8254, -0.43428, -0.21241
962.02, 0.0018911, 0.095303, -0.20545, 0.97401, 8.8214, -0.43558, -0.21315
962.22, 0.0018378, 0.095249, -0.20568, 0.97397, 8.8204, -0.43639, -0.21449
962.42, 0.0018437, 0.095313, -0.20564, 0.97397, 8.8237, -0.43835, -0.21345
962.62, 0.0018048, 0.095246, -0.20565, 0.97398, 8.8258, -0.43794, -0.21416
962.82, 0.0021183, 0.095283, -0.20555, 0.97399, 8.8268, -0.43714, -0.21504
963.02, 0.0021323, 0.095158, -0.2056, 0.974, 8.8263, -0.43967, -0.21511
963.22, 0.0017981, 0.095224, -0.20565, 0.97398, 8.8278, -0.44246, -0.21613
963.42, 0.0026102, 0.099569, -0.21458, 0.97161, 8.8359, -0.44876, -0.22246
963.62, 0.0015154, 0.11063, -0.23817, 0.9649, 8.919, -0.50134, -0.24718
963.82, 0.0023976, 0.11788, -0.25363, 0.96009, 8.9998, -0.55774, -0.27549
964.02, 0.0017881, 0.12309, -0.26497, 0.95636, 9.0738, -0.60709, -0.29791
964.22, 0.0015074, 0.12806, -0.27509, 0.95285, 9.1335, -0.65148, -0.31887
964.42, 0.0014887, 0.13304, -0.28595, 0.94896, 9.2036, -0.7004, -0.34106
964.62, 0.001907, 0.13641, -0.29288, 0.94636, 9.2626, -0.75034, -0.36576
964.82, 0.0018756, 0.14197, -0.30567, 0.94149, 9.3345, -0.80669, -0.39342
965.02, 0.0017637, 0.14614, -0.31462, 0.9379, 9.4018, -0.86896, -0.42213
965.22, 0.0016179, 0.14959, -0.32135, 0.93507, 9.4574, -0.92304, -0.44954
965.42, 0.0013541, 0.1536, -0.33019, 0.93133, 9.5231, -0.98239, -0.47825
965.62, 0.0021118, 0.157, -0.33711, 0.92828, 9.5831, -1.0333, -0.50433
965.82, 0.0017959, 0.16128, -0.34561, 0.92441, 9.6457, -1.0961, -0.5333
966.02, 0.0019854, 0.16526, -0.35399, 0.92053, 9.7148, -1.1545, -0.56321
966.22, 0.0012886, 0.16912, -0.36239, 0.91656, 9.7747, -1.224, -0.59392
966.42, 0.002115, 0.17363, -0.3725, 0.91164, 9.8346, -1.287, -0.62402
966.62, 0.0013622, 0.1784, -0.38235, 0.90663, 9.8962, -1.3566, -0.65535
966.82, 0.0016989, 0.18161, -0.38915, 0.90309, 9.9476, -1.412, -0.68293
967.02, 0.0010312, 0.18437, -0.39528, 0.89987, 9.9981, -1.477, -0.71102
967.22, 0.00092848, 0.18847, -0.40339, 0.89541, 10.05, -1.5396, -0.74406
967.42, 0.001291, 0.1924, -0.41209, 0.8906, 10.094, -1.6114, -0.77687
967.62, 0.0011403, 0.19839, -0.42461, 0.88337, 10.161, -1.6908, -0.81323
967.82, 0.0009137, 0.20226, -0.43363, 0.8781, 10.203, -1.7607, -0.84357
968.02, 0.00060552, 0.20679, -0.44251, 0.87259, 10.241, -1.8326, -0.87759
968.22, 0.00020789, 0.21227, -0.45458, 0.86504, 10.297, -1.9127, -0.91288
968.42, 0.00043183, 0.21336, -0.4571, 0.86344, 10.323, -1.9528, -0.93286
968.62, 0.0005441, 0.21351, -0.45725, 0.86333, 10.318, -1.9533, -0.93501
968.82, 0.00069767, 0.21356, -0.45724, 0.86332, 10.317, -1.951, -0.9325
969.02, 0.00082457, 0.21366, -0.45749, 0.86316, 10.317, -1.9547, -0.9348
969.22, 0.00074255, 0.21361, -0.45745, 0.8632, 10.314, -1.9487, -0.93239
969.42, 0.0011997, 0.2138, -0.4574, 0.86318, 10.318, -1.9454, -0.93557
969.62, 0.0010201, 0.21371, -0.45708, 0.86337, 10.325, -1.9457, -0.9358
969.82, 0.00096622, 0.21365, -0.45701, 0.86342, 10.33, -1.9463, -0.9347
970.02, 0.00067253, 0.21358, -0.45695, 0.86347, 10.331, -1.9464, -0.93265
970.22, 0.00070855, 0.21365, -0.45712, 0.86336, 10.323, -1.9439, -0.93162
970.82, 0.00070393, 0.21353, -0.45695, 0.86348, 10.328, -1.9412, -0.92955
971.02, 0.00081934, 0.21365, -0.45725, 0.86329, 10.327, -1.9464, -0.9331
971.22, 0.00055745, 0.21356, -0.45722, 0.86333, 10.328, -1.9474, -0.93186
971.62, 0.00039295, 0.21362, -0.45729, 0.86328, 10.329, -1.9481, -0.9309
971.82, 0.0003759, 0.21351, -0.45746, 0.86321, 10.327, -1.949, -0.92972
972.02, 9.5346e-05, 0.21361, -0.45751, 0.86317, 10.33, -1.9509, -0.92964
972.42, 0.00022609, 0.21352, -0.45743, 0.86323, 10.33, -1.9523, -0.92995
972.62, 0.00038618, 0.21351, -0.45757, 0.86316, 10.326, -1.9547, -0.93004
972.82, 0.000477, 0.21361, -0.45745, 0.86319, 10.329, -1.9522, -0.933
973.02, 0.00020991, 0.21358, -0.45745, 0.8632, 10.332, -1.9529, -0.93146
973.42, 0.00040041, 0.20128, -0.43185, 0.8792, 10.361, -1.9991, -0.9529
973.62, 0.00037541, 0.19302, -0.41344, 0.88984, 10.408, -2.0546, -0.98245
973.82, -7.8484e-05, 0.18446, -0.39657, 0.89928, 10.446, -2.1209, -1.0078
974.02, 8.5661e-05, 0.17361, -0.37261, 0.9116, 10.495, -2.1754, -1.0336
974.22, 0.0006163, 0.1649, -0.35373, 0.9207, 10.547, -2.2235, -1.0618
974.42, 0.0010818, 0.15469, -0.33152, 0.93068, 10.6, -2.2753, -1.0905
974.62, 0.00082007, 0.14347, -0.30751, 0.94066, 10.654, -2.3295, -1.1126
974.82, -2.3416e-05, 0.13549, -0.29092, 0.9471, 10.705, -2.3786, -1.1299
975.02, 0.0015824, 0.12305, -0.26305, 0.9569, 10.771, -2.4276, -1.1628
975.22, 0.00079148, 0.11273, -0.2414, 0.96386, 10.819, -2.4766, -1.1777
975.42, 0.00022464, 0.10267, -0.22059, 0.96995, 10.89, -2.5119, -1.1898
975.62, 0.0011966, 0.087769, -0.18697, 0.97844, 10.952, -2.5536, -1.2182
975.82, 0.00080407, 0.075394, -0.16168, 0.98396, 11.02, -2.5924, -1.2304
976.02, 0.00028597, 0.063809, -0.13603, 0.98865, 11.088, -2.6237, -1.2398
976.42, 0.0010569, 0.032064, -0.069557, 0.99706, 11.225, -2.682, -1.274
976.62, 0.00044095, 0.020127, -0.043901, 0.99883, 11.297, -2.7062, -1.2798
976.82, 0.00063408, 0.0030604, -0.0073729, 0.99997, 11.37, -2.7219, -1.2894
977.02, 0.00079538, -0.00975, 0.019954, 0.99975, 11.448, -2.7405, -1.2979
977.22, 0.00024538, -0.021584, 0.045847, 0.99872, 11.513, -2.7553, -1.301
977.42, 0.000703, -0.036688, 0.078164, 0.99626, 11.602, -2.7453, -1.3031
977.62, 0.0011283, -0.045832, 0.098481, 0.99408, 11.661, -2.7438, -1.3086
978.22, 0.00024544, -0.079574, 0.1713, 0.982, 11.89, -2.7084, -1.2831
978.42, 0.00044056, -0.092579, 0.19861, 0.9757, 11.978, -2.6783, -1.2712
978.62, 0.00057128, -0.10394, 0.22112, 0.96969, 12.058, -2.6491, -1.2536
978.82, 0.00029637, -0.11043, 0.23639, 0.96536, 12.106, -2.6145, -1.2374
979.02, -0.0005267, -0.12057, 0.25781, 0.95864, 12.186, -2.576, -1.211
979.22, -0.00047946, -0.12806, 0.27355, 0.95329, 12.26, -2.5349, -1.1914
979.42, -0.00033511, -0.13442, 0.28711, 0.94842, 12.316, -2.4912, -1.1705
979.62, 0.00015031, -0.14398, 0.30695, 0.94077, 12.385, -2.4251, -1.1489
979.82, -0.0002194, -0.15006, 0.3207, 0.93522, 12.441, -2.3742, -1.1205
980.02, 7.456e-05, -0.15621, 0.3329, 0.92993, 12.511, -2.3101, -1.0927
980.22, -1.9319e-05, -0.16406, 0.35032, 0.92215, 12.576, -2.2546, -1.064
980.42, -0.00047066, -0.16919, 0.36274, 0.9164, 12.632, -2.1956, -1.04
980.62, -0.00026659, -0.17582, 0.37528, 0.91008, 12.689, -2.1279, -1.005
980.82, -0.00062489, -0.18305, 0.38949, 0.90266, 12.754, -2.0666, -0.97499
981.02, -0.00097258, -0.18776, 0.39974, 0.89719, 12.805, -1.9964, -0.9397
981.22, -0.0010179, -0.19296, 0.41198, 0.89053, 12.86, -1.9172, -0.90258
981.42, -0.00053686, -0.19794, 0.4225, 0.88448, 12.915, -1.8511, -0.87433
981.62, -0.00064505, -0.20201, 0.43023, 0.87983, 12.958, -1.7743, -0.84184
981.82, -0.0007795, -0.20683, 0.44118, 0.87326, 13.009, -1.6898, -0.7996
982.02, -0.00054443, -0.21097, 0.44915, 0.86819, 13.054, -1.6082, -0.76271
982.22, -0.00041714, -0.21457, 0.45656, 0.86343, 13.098, -1.5253, -0.72531
982.42, -0.00046055, -0.21836, 0.46614, 0.85734, 13.144, -1.4317, -0.68686
982.62, -0.00048079, -0.22201, 0.47365, 0.85227, 13.188, -1.3463, -0.64606
982.82, 4e-05, -0.22564, 0.47949, 0.84804, 13.227, -1.2654, -0.6054
983.02, -0.00018463, -0.2293, 0.48675, 0.84291, 13.275, -1.1779, -0.56258
983.22, -0.00066221, -0.2319, 0.49279, 0.83868, 13.317, -1.0879, -0.51648
983.42, -0.00048303, -0.23484, 0.49852, 0.83446, 13.366, -0.99456, -0.46914
983.62, -0.00023755, -0.23813, 0.50406, 0.83019, 13.403, -0.89686, -0.42339
983.82, -2.9204e-05, -0.24005, 0.5091, 0.82655, 13.438, -0.81166, -0.38535
984.02, -0.00039813, -0.24267, 0.51367, 0.82296, 13.481, -0.71072, -0.33748
984.22, -0.00034708, -0.24486, 0.51769, 0.81978, 13.521, -0.62219, -0.295
984.42, -0.00041414, -0.2466, 0.52174, 0.81669, 13.539, -0.53551, -0.25568
984.62, 2.5564e-05, -0.24866, 0.5257, 0.81352, 13.574, -0.4332, -0.21274
984.82, 0.00017911, -0.25036, 0.52854, 0.81115, 13.612, -0.34195, -0.16616
985.02, 0.00020326, -0.25192, 0.532, 0.8084, 13.641, -0.25963, -0.12378
985.22, -0.0001945, -0.25279, 0.53505, 0.80611, 13.682, -0.14761, -0.072407
985.42, -0.00027493, -0.25492, 0.53858, 0.80308, 13.709, -0.048814, -0.02607
985.62, -0.00038571, -0.25646, 0.54191, 0.80035, 13.736, 0.040171, 0.017084
985.82, -0.00032561, -0.25729, 0.54371, 0.79886, 13.765, 0.14309, 0.064996
986.02, -0.00058598, -0.25858, 0.54665, 0.79643, 13.795, 0.24601, 0.11583
986.22, -0.0010856, -0.25907, 0.54818, 0.79522, 13.825, 0.33426, 0.15891
986.42, -0.00065705, -0.26029, 0.54952, 0.7939, 13.859, 0.43535, 0.20965
986.62, -0.00090556, -0.26116, 0.55207, 0.79184, 13.882, 0.53841, 0.25582
986.82, -0.00085283, -0.26142, 0.55292, 0.79117, 13.914, 0.64427, 0.30698
987.02, -0.0008397, -0.26215, 0.5544, 0.78989, 13.95, 0.74616, 0.35569
987.22, -0.0014624, -0.2626, 0.55603, 0.78858, 13.974, 0.83957, 0.39983
987.42, -0.0013318, -0.2617, 0.55585, 0.78901, 14.009, 0.95006, 0.44723
987.62, -0.0010491, -0.26288, 0.55706, 0.78777, 14.036, 1.047, 0.49652
987.82, -0.00076214, -0.2643, 0.55888, 0.786, 14.067, 1.1468, 0.54831
988.02, -0.0011618, -0.26425, 0.55962, 0.78549, 14.097, 1.262, 0.59595
988.22, -0.0011382, -0.26425, 0.55937, 0.78567, 14.104, 1.2983, 0.61782
988.42, -0.0013907, -0.26388, 0.55974, 0.78553, 14.104, 1.3009, 0.61467
988.62, -0.0012977, -0.26399, 0.55965, 0.78556, 14.105, 1.3, 0.61742
988.82, -0.0012925, -0.26375, 0.55959, 0.78568, 14.108, 1.2962, 0.61325
989.02, -0.0012848, -0.26351, 0.559, 0.78618, 14.107, 1.2829, 0.6063
989.22, -0.001532, -0.26344, 0.5592, 0.78606, 14.107, 1.288, 0.60855
989.42, -0.0015594, -0.26354, 0.55914, 0.78607, 14.107, 1.2878, 0.61032
989.62, -0.0014135, -0.26368, 0.55948, 0.78578, 14.103, 1.2984, 0.61217
989.82, -0.0012161, -0.26426, 0.55942, 0.78563, 14.099, 1.3002, 0.61983
990.02, -0.0011588, -0.26426, 0.55939, 0.78565, 14.102, 1.2978, 0.61581
990.22, -0.001481, -0.26391, 0.55933, 0.78581, 14.106, 1.2939, 0.61261
990.42, -0.0012935, -0.26431, 0.55888, 0.786, 14.109, 1.2863, 0.61438
990.62, -0.001328, -0.26422, 0.55898, 0.78596, 14.105, 1.2918, 0.61537
990.82, -0.0012805, -0.26403, 0.55895, 0.78604, 14.105, 1.2873, 0.61119
991.02, -0.0013852, -0.26396, 0.55909, 0.78596, 14.105, 1.2922, 0.61034
991.22, -0.0018358, -0.26826, 0.56725, 0.77863, 14.102, 1.3447, 0.64078
991.42, -0.0012574, -0.27131, 0.5732, 0.7732, 14.131, 1.5012, 0.71662
991.62, -0.000938, -0.27636, 0.58279, 0.76419, 14.154, 1.6657, 0.79901
991.82, -0.00084756, -0.28222, 0.59425, 0.75314, 14.183, 1.8232, 0.881
992.02, -0.00087625, -0.28814, 0.60735, 0.74034, 14.22, 1.9676, 0.94607
992.22, -0.00044627, -0.29829, 0.62827, 0.71854, 14.245, 2.1071, 1.0182
992.42, -0.00042038, -0.30707, 0.64828, 0.69674, 14.255, 2.2205, 1.0672
992.62, -0.00049367, -0.31865, 0.67559, 0.66486, 14.276, 2.3632, 1.1225
992.82, -0.00010412, -0.3344, 0.70977, 0.62001, 14.26, 2.4614, 1.1657
993.02, -0.0002571, -0.34952, 0.74292, 0.57089, 14.24, 2.541, 1.1978
993.22, 6.5078e-05, -0.36928, 0.78414, 0.49875, 14.229, 2.6059, 1.2356
993.42, 8.856e-06, -0.38858, 0.82534, 0.40967, 14.195, 2.6311, 1.2492
993.62, -0.00043863, -0.40381, 0.85661, 0.32119, 14.151, 2.6477, 1.2604
993.82, -0.00097352, -0.41763, 0.8888, 0.18872, 14.093, 2.5961, 1.2352
994.02, -0.0016777, -0.42503, 0.90381, 0.049844, 14.079, 2.5314, 1.2094
994.22, -0.0025657, -0.42457, 0.90212, -0.076965, 14.068, 2.4889, 1.1952
994.42, -0.0035495, -0.41722, 0.88575, -0.20335, 14.041, 2.4601, 1.1902
994.62, -0.0032024, -0.40995, 0.8713, -0.26976, 13.966, 2.4679, 1.1833
994.82, -0.0027477, -0.40997, 0.87295, -0.26434, 13.982, 2.4537, 1.1726
995.02, -0.0023565, -0.40991, 0.87368, -0.26201, 13.99, 2.4519, 1.1648
995.22, -0.0024358, -0.4101, 0.87415, -0.26015, 13.996, 2.4439, 1.1607
995.42, -0.0025555, -0.41011, 0.87425, -0.25979, 14.001, 2.439, 1.1602
995.82, -0.0026172, -0.41034, 0.87415, -0.25976, 14.001, 2.4354, 1.1593
996.02, -0.0027601, -0.41049, 0.87413, -0.25959, 13.999, 2.4397, 1.162
996.42, -0.0026535, -0.41027, 0.87413, -0.25993, 13.993, 2.4434, 1.1635
996.62, -0.0025599, -0.40997, 0.87425, -0.25999, 13.993, 2.445, 1.1616
996.82, -0.0025371, -0.41023, 0.87425, -0.25959, 13.992, 2.442, 1.1593
997.02, -0.0026815, -0.41043, 0.87418, -0.2595, 13.987, 2.4366, 1.1596
997.22, -0.0027828, -0.41051, 0.87419, -0.25935, 13.989, 2.4351, 1.1595
997.62, -0.0025302, -0.41014, 0.8745, -0.25891, 13.992, 2.4327, 1.1559
997.82, -0.002583, -0.4105, 0.87438, -0.25873, 13.996, 2.4303, 1.1562
998.02, -0.0025523, -0.41052, 0.87446, -0.25842, 13.998, 2.4329, 1.1562
998.22, -0.002546, -0.41063, 0.87433, -0.25869, 13.993, 2.4386, 1.1581
998.42, -0.0024236, -0.41038, 0.87457, -0.25829, 13.992, 2.4326, 1.1536
998.62, -0.0027326, -0.41086, 0.8744, -0.2581, 13.994, 2.4308, 1.159
998.82, -0.0028865, -0.41085, 0.87451, -0.25773, 13.995, 2.4264, 1.1587
999.02, -0.0029726, -0.411, 0.87442, -0.25782, 13.997, 2.4293, 1.1613
999.22, -0.002963, -0.41112, 0.87447, -0.25743, 14.001, 2.4268, 1.1606
999.42, -0.002865, -0.41105, 0.87467, -0.25686, 14.004, 2.4218, 1.157
999.62, -0.0028496, -0.41101, 0.87479, -0.25653, 14.002, 2.4211, 1.1561
999.82, -0.0027691, -0.41112, 0.87489, -0.25601, 14.004, 2.4175, 1.1532
1000, -0.0029261, -0.411, 0.8751, -0.25549, 14.003, 2.4149, 1.1541
1000.2, -0.0027548, -0.41108, 0.8753, -0.25466, 13.952, 2.3894, 1.1374
1000.4, -0.0027373, -0.41124, 0.87583, -0.25258, 13.883, 2.3426, 1.1166
1000.6, -0.002512, -0.41132, 0.87684, -0.24893, 13.83, 2.2967, 1.0892
1000.8, -0.0027498, -0.4117, 0.87734, -0.24652, 13.754, 2.2477, 1.0709
1001, -0.0028525, -0.41197, 0.87767, -0.2449, 13.69, 2.2061, 1.0534
1001.2, -0.002619, -0.4122, 0.87859, -0.24119, 13.607, 2.1562, 1.0266
1001.4, -0.0027916, -0.41268, 0.87914, -0.2383, 13.522, 2.1198, 1.0122
1001.6, -0.0028437, -0.41305, 0.87971, -0.23555, 13.45, 2.0707, 0.99066
1001.8, -0.0026263, -0.41309, 0.88075, -0.23159, 13.354, 2.0295, 0.9671
1002, -0.0028804, -0.41373, 0.88151, -0.22753, 13.264, 1.9842, 0.94765
1002.2, -0.0026068, -0.41379, 0.88212, -0.22503, 13.187, 1.9501, 0.92636
1002.4, -0.0024608, -0.41438, 0.88289, -0.22089, 13.116, 1.9043, 0.90385
1002.6, -0.0025357, -0.41472, 0.88347, -0.21791, 13.029, 1.8704, 0.88936
1003.2, -0.0021498, -0.41505, 0.88558, -0.2085, 12.76, 1.7719, 0.83653
1003.4, -0.0022038, -0.41553, 0.8862, -0.2049, 12.676, 1.7344, 0.81813
1003.6, -0.0021612, -0.41606, 0.88686, -0.20091, 12.583, 1.6916, 0.79832
1003.8, -0.0020774, -0.41599, 0.88741, -0.19862, 12.492, 1.664, 0.78278
1004, -0.0020475, -0.41627, 0.88806, -0.19508, 12.41, 1.6283, 0.76608
1004.2, -0.0022123, -0.41621, 0.88887, -0.1915, 12.32, 1.5931, 0.75275
1004.4, -0.0022122, -0.41661, 0.88916, -0.18928, 12.237, 1.5684, 0.73798
1004.6, -0.0023919, -0.41684, 0.88981, -0.18569, 12.145, 1.5393, 0.72303
1004.8, -0.0020589, -0.41673, 0.89056, -0.1823, 12.051, 1.5046, 0.70168
1005, -0.0021118, -0.41727, 0.89085, -0.17961, 11.981, 1.4713, 0.68852
1005.2, -0.0022548, -0.41776, 0.89137, -0.17586, 11.879, 1.4453, 0.67627
1005.4, -0.0019003, -0.41778, 0.89198, -0.17267, 11.794, 1.4135, 0.65874
1005.6, -0.0017046, -0.41839, 0.89228, -0.16963, 11.714, 1.3786, 0.64307
1005.8, -0.0020062, -0.41894, 0.89279, -0.1656, 11.62, 1.3495, 0.62996
1006, -0.0018265, -0.41925, 0.8932, -0.16252, 11.53, 1.3218, 0.61394
1006.2, -0.0015715, -0.4187, 0.89401, -0.15947, 11.439, 1.2944, 0.59834
1006.4, -0.0014101, -0.41885, 0.89457, -0.15591, 11.341, 1.2665, 0.58368
1006.6, -0.0014845, -0.41891, 0.89495, -0.15355, 11.26, 1.2419, 0.57408
1006.8, -0.001385, -0.4191, 0.89553, -0.14963, 11.166, 1.2207, 0.56142
1007, -0.0012687, -0.41883, 0.89628, -0.14585, 11.081, 1.1945, 0.54689
1007.2, -0.0013631, -0.41913, 0.89651, -0.14355, 11, 1.1711, 0.53458
1007.4, -0.0013959, -0.4196, 0.89699, -0.13908, 10.906, 1.1434, 0.52144
1007.6, -0.0013322, -0.41934, 0.89759, -0.13597, 10.823, 1.1217, 0.51191
1007.8, -0.001372, -0.41993, 0.89776, -0.13299, 10.739, 1.0974, 0.50283
1008, -0.0015886, -0.42029, 0.89823, -0.12861, 10.634, 1.0822, 0.49422
1008.2, -0.001536, -0.42028, 0.89869, -0.12538, 10.549, 1.0586, 0.48051
1008.4, -0.0017036, -0.42063, 0.89894, -0.12236, 10.464, 1.0306, 0.46918
1008.6, -0.0015789, -0.42088, 0.89948, -0.11741, 10.364, 1.0022, 0.45528
1008.8, -0.0015422, -0.42118, 0.89974, -0.11438, 10.269, 0.98474, 0.44709
1009, -0.0013748, -0.42106, 0.90016, -0.11144, 10.174, 0.97227, 0.43801
1009.2, -0.0011957, -0.42087, 0.90071, -0.10767, 10.087, 0.95027, 0.42579
1009.4, -0.0010021, -0.42101, 0.90093, -0.10525, 9.9972, 0.9375, 0.41747
1009.8, -0.00093863, -0.4212, 0.90181, -0.096584, 9.8082, 0.893, 0.39824
1010, -0.00097088, -0.42117, 0.90212, -0.093819, 9.7191, 0.87482, 0.38919
1010.2, -0.0011454, -0.42158, 0.90233, -0.0898, 9.6221, 0.85916, 0.38219
1010.6, -0.0012456, -0.42229, 0.90265, -0.083037, 9.4386, 0.82417, 0.36528
1010.8, -0.0010465, -0.42182, 0.9033, -0.078157, 9.3393, 0.81266, 0.35814
1011.2, -0.001171, -0.42213, 0.9037, -0.071702, 9.1575, 0.78222, 0.34461
1011.4, -0.00098802, -0.4225, 0.90391, -0.066654, 9.0553, 0.77064, 0.33885
1011.6, -0.00097129, -0.42257, 0.90412, -0.063231, 8.9571, 0.75725, 0.33153
1011.8, -0.00078383, -0.42285, 0.90419, -0.060402, 8.8747, 0.74836, 0.32765
1012, -0.00072856, -0.4231, 0.90434, -0.056107, 8.7733, 0.73501, 0.32114
1012.2, -0.00078858, -0.42297, 0.90455, -0.053714, 8.6935, 0.72863, 0.3199
1012.4, -0.00081139, -0.42312, 0.90469, -0.050061, 8.5994, 0.71978, 0.3161
1012.6, -0.00069945, -0.4234, 0.90483, -0.044912, 8.5029, 0.70366, 0.31014
1012.8, -0.00070931, -0.42366, 0.90484, -0.042201, 8.4122, 0.70001, 0.30545
1013, -0.0006039, -0.42332, 0.90518, -0.038154, 8.3156, 0.6936, 0.30217
1013.6, -0.00061619, -0.42373, 0.90544, -0.025263, 8.0297, 0.67468, 0.29134
1014, -0.00076625, -0.42379, 0.90558, -0.017987, 7.852, 0.66247, 0.28774
1014.2, -0.00074567, -0.4234, 0.90585, -0.013118, 7.7589, 0.65594, 0.2834
1014.4, -0.0008214, -0.42364, 0.90578, -0.0097619, 7.6625, 0.65197, 0.28215
1014.6, -0.00088463, -0.42358, 0.90583, -0.0071258, 7.5657, 0.65129, 0.28121
1014.8, -0.00084888, -0.42345, 0.90592, -0.0023071, 7.4707, 0.65212, 0.28314
1015, -0.00082607, -0.42353, 0.90588, 0.00067922, 7.375, 0.64926, 0.27959
1015.2, -0.00076079, -0.42318, 0.90603, 0.0041505, 7.2974, 0.6468, 0.27947
1015.4, -0.00083052, -0.4227, 0.90622, 0.0094769, 7.1924, 0.64618, 0.27854
1015.6, -0.00096622, -0.42301, 0.90605, 0.011709, 7.1006, 0.64888, 0.27962
1015.8, -0.0007774, -0.42296, 0.90601, 0.015486, 7.0014, 0.65325, 0.28101
1016, -0.00079834, -0.42278, 0.90602, 0.019808, 6.9018, 0.65653, 0.28392
1016.2, -0.00060124, -0.42273, 0.90597, 0.022737, 6.8161, 0.6575, 0.28467
1016.4, -0.00058543, -0.42299, 0.90569, 0.028392, 6.7126, 0.66002, 0.28664
1016.6, -0.00091721, -0.42301, 0.90556, 0.03211, 6.6233, 0.66367, 0.2873
1016.8, -0.00078573, -0.42283, 0.90551, 0.035519, 6.5362, 0.66434, 0.28696
1017, -0.00085959, -0.42271, 0.90536, 0.040608, 6.4423, 0.67297, 0.28965
1017.2, -0.00085623, -0.42266, 0.90524, 0.043638, 6.3406, 0.67653, 0.29315
1017.4, -0.00087596, -0.42212, 0.90531, 0.047188, 6.2524, 0.68302, 0.29603
1017.6, -0.000953, -0.4224, 0.90488, 0.052695, 6.1589, 0.68615, 0.2938
1017.8, -0.00078246, -0.42174, 0.90499, 0.05589, 6.0661, 0.69897, 0.30144
1018, -0.00089944, -0.4216, 0.90475, 0.060669, 5.9727, 0.71085, 0.30812
1018.2, -0.00073211, -0.42122, 0.90455, 0.066078, 5.8737, 0.70817, 0.30492
1018.4, -0.0008954, -0.42106, 0.90443, 0.068696, 5.7922, 0.71987, 0.31039
1018.6, -0.00085114, -0.42096, 0.90407, 0.073871, 5.7021, 0.73376, 0.31636
1018.8, -0.00081067, -0.42117, 0.90361, 0.078199, 5.6057, 0.74105, 0.31872
1019, -0.0010384, -0.42125, 0.90331, 0.081124, 5.5132, 0.75426, 0.32346
1019.2, -0.00094128, -0.42042, 0.90307, 0.087784, 5.4184, 0.77512, 0.33596
1019.4, -0.0010952, -0.42012, 0.90282, 0.091703, 5.3381, 0.78751, 0.33934
1019.6, -0.00089786, -0.41997, 0.90256, 0.094892, 5.2502, 0.80041, 0.34751
1019.8, -0.00085176, -0.41914, 0.9023, 0.10092, 5.1516, 0.81483, 0.35314
1020.2, -0.00080495, -0.41933, 0.9013, 0.10869, 4.976, 0.84406, 0.3649
1020.4, -0.00086871, -0.4196, 0.90039, 0.11502, 4.8768, 0.86811, 0.37533
1020.6, -0.00059147, -0.41949, 0.90003, 0.11819, 4.7946, 0.88378, 0.38069
1020.8, -0.00085192, -0.41957, 0.89945, 0.12223, 4.6894, 0.89747, 0.38731
1021, -0.0010003, -0.41943, 0.8989, 0.12671, 4.6072, 0.9077, 0.39202
1021.2, -0.00093589, -0.41894, 0.89878, 0.12919, 4.5243, 0.92793, 0.40035
1021.4, -0.00094775, -0.41876, 0.89799, 0.13508, 4.4272, 0.95224, 0.41176
1021.6, -0.00085325, -0.41838, 0.89745, 0.13981, 4.338, 0.9747, 0.42292
1021.8, -0.0010191, -0.41824, 0.89702, 0.1429, 4.2556, 0.9947, 0.43202
1022, -0.0010257, -0.41787, 0.89621, 0.149, 4.1591, 1.0257, 0.44799
1022.2, -0.0011145, -0.41826, 0.89536, 0.15294, 4.0765, 1.0517, 0.45812
1022.4, -0.00096895, -0.41727, 0.89503, 0.15753, 3.9855, 1.076, 0.46868
1022.6, -0.00092105, -0.41699, 0.89411, 0.16334, 3.9025, 1.1067, 0.48238
1023.2, -0.00081052, -0.4169, 0.89396, 0.16438, 3.8645, 1.1208, 0.49038
1023.4, -0.0010572, -0.41693, 0.89387, 0.16485, 3.8694, 1.1224, 0.49143
1023.6, -0.00111, -0.41661, 0.89402, 0.16482, 3.8667, 1.1223, 0.493
1023.8, -0.0011139, -0.41641, 0.89412, 0.16479, 3.8624, 1.1162, 0.49139
1024, -0.001124, -0.41653, 0.89401, 0.16505, 3.8661, 1.1202, 0.49343
1024.2, -0.0011057, -0.41666, 0.89389, 0.16539, 3.8644, 1.1202, 0.49302
1024.4, -0.001062, -0.41667, 0.89388, 0.16542, 3.8642, 1.1157, 0.49185
1024.6, -0.0010455, -0.41632, 0.89405, 0.16538, 3.8619, 1.1168, 0.49215
1024.8, -0.0010184, -0.41611, 0.89414, 0.1654, 3.8647, 1.1173, 0.49269
1025, -0.0010219, -0.41626, 0.89398, 0.16591, 3.8706, 1.1255, 0.49642
1025.2, -0.0010966, -0.41621, 0.89403, 0.16577, 3.8712, 1.1254, 0.4971
1025.4, -0.0010889, -0.41617, 0.8941, 0.16551, 3.8671, 1.1255, 0.49741
1025.6, -0.0010628, -0.41593, 0.8942, 0.16554, 3.8695, 1.1276, 0.49929
1025.8, -0.0010005, -0.4159, 0.8942, 0.16562, 3.8707, 1.1241, 0.49762
1026, -0.00092075, -0.41604, 0.89411, 0.16578, 3.8708, 1.1266, 0.49939
1026.2, -0.00093916, -0.41612, 0.8941, 0.16562, 3.8745, 1.1248, 0.49934
1026.4, -0.001061, -0.41527, 0.89226, 0.17723, 3.8504, 1.1343, 0.50159
1026.6, -0.0010111, -0.41319, 0.88643, 0.20858, 3.7537, 1.1564, 0.50953
1026.8, -0.0011344, -0.40868, 0.8755, 0.25785, 3.651, 1.1954, 0.52482
1027, -0.0012104, -0.40231, 0.86259, 0.30674, 3.5445, 1.2353, 0.54094
1027.2, -0.00083924, -0.39719, 0.84872, 0.34916, 3.4547, 1.2852, 0.56345
1027.4, -0.00083941, -0.38967, 0.83322, 0.39229, 3.3652, 1.3538, 0.59716
1027.6, -0.0011022, -0.38274, 0.8178, 0.42978, 3.2975, 1.4203, 0.62652
1027.8, -0.0010293, -0.37416, 0.80099, 0.46735, 3.2278, 1.502, 0.66284
1028, -0.00093527, -0.36461, 0.78108, 0.50692, 3.1615, 1.5917, 0.70646
1028.4, -0.00082361, -0.345, 0.73684, 0.58142, 3.053, 1.8035, 0.80669
1028.6, -0.00077153, -0.33361, 0.71181, 0.61809, 3.0267, 1.9203, 0.86026
1029, -0.00065413, -0.33023, 0.70407, 0.62868, 3.0152, 1.963, 0.8797
1029.2, -0.00068788, -0.33024, 0.70447, 0.62822, 3.0223, 1.9595, 0.87926
1029.6, -0.00061944, -0.33041, 0.70442, 0.62818, 3.0279, 1.9595, 0.87964
1030, -0.00061597, -0.33054, 0.70443, 0.62811, 3.028, 1.9544, 0.87681
1030.2, -0.00052903, -0.33083, 0.70435, 0.62805, 3.028, 1.9524, 0.87651
1030.4, -0.00062599, -0.33048, 0.70461, 0.62793, 3.0293, 1.9498, 0.8739
1030.6, -0.00070371, -0.3305, 0.70474, 0.62778, 3.035, 1.9469, 0.87276
1030.8, -0.00046864, -0.33097, 0.70449, 0.62781, 3.0378, 1.9519, 0.8764
1031, -0.00063615, -0.33087, 0.70467, 0.62767, 3.0361, 1.9505, 0.87491
1031.2, -0.00044137, -0.33097, 0.70438, 0.62794, 3.0353, 1.9526, 0.87814
1031.4, -0.00053688, -0.33089, 0.70443, 0.62792, 3.0358, 1.9525, 0.87762
1031.6, -0.00061423, -0.33113, 0.70454, 0.62767, 3.0377, 1.9555, 0.87873
1031.8, -0.00060535, -0.33088, 0.70473, 0.62759, 3.0322, 1.9525, 0.87647
1032, -0.0006342, -0.33123, 0.70468, 0.62747, 3.0401, 1.9552, 0.87757
1032.2, -0.00054207, -0.33123, 0.70455, 0.62761, 3.0448, 1.9559, 0.87724
1032.4, -0.00064995, -0.3311, 0.70456, 0.62767, 3.0406, 1.9578, 0.87864
1032.6, -0.00053678, -0.33099, 0.70464, 0.62763, 3.0405, 1.9553, 0.87821
1032.8, -0.00053311, -0.33095, 0.70464, 0.62765, 3.0407, 1.9598, 0.87934
1033, -0.00055808, -0.3308, 0.70477, 0.6276, 3.0407, 1.9545, 0.87796
1033.2, -0.00075795, -0.33074, 0.70471, 0.62768, 3.0369, 1.9601, 0.88029
1033.4, -0.00075434, -0.33047, 0.7049, 0.62762, 3.0336, 1.9565, 0.87993
1033.6, -0.00090221, -0.33038, 0.70475, 0.62784, 3.0362, 1.9601, 0.87994
1033.8, -0.00089451, -0.33062, 0.70502, 0.62741, 3.0323, 1.9516, 0.87485
1034, -0.00096083, -0.33017, 0.70486, 0.62782, 3.0325, 1.9598, 0.87913
1034.2, -0.00081424, -0.33026, 0.70464, 0.62802, 3.0372, 1.9558, 0.87885
1034.4, -0.00067091, -0.3307, 0.70482, 0.62758, 3.0343, 1.949, 0.87499
1034.6, -0.00079434, -0.33036, 0.7048, 0.62778, 3.0397, 1.9529, 0.87645
1034.8, -0.00066759, -0.33034, 0.70477, 0.62783, 3.038, 1.9504, 0.87673
1035, -0.00061538, -0.33077, 0.70438, 0.62804, 3.0394, 1.956, 0.87706
1035.2, -0.00073919, -0.3312, 0.70501, 0.62711, 3.0325, 1.9779, 0.88873
1035.4, -0.0006498, -0.33162, 0.7059, 0.62588, 3.0025, 2.0545, 0.9235
1035.6, -0.00067555, -0.3322, 0.707, 0.62433, 2.9766, 2.1424, 0.9641
1035.8, -0.00056688, -0.33253, 0.70815, 0.62285, 2.9473, 2.2205, 1.0021
1036, -0.00083918, -0.33307, 0.70911, 0.62147, 2.9179, 2.311, 1.0438
1036.2, -0.00073406, -0.33336, 0.71034, 0.61991, 2.8931, 2.3944, 1.0825
1036.4, -0.00072087, -0.33382, 0.71158, 0.61824, 2.8634, 2.4695, 1.1163
1036.6, -0.00069036, -0.33455, 0.71257, 0.61671, 2.841, 2.5527, 1.1561
1036.8, -0.00037125, -0.33496, 0.7137, 0.61517, 2.8165, 2.6315, 1.1939
1037, -0.00034553, -0.33541, 0.715, 0.61341, 2.7884, 2.7045, 1.2291
1037.2, -0.00088795, -0.33616, 0.71667, 0.61105, 2.7633, 2.7856, 1.2622
1037.4, -0.00051398, -0.33699, 0.71806, 0.60896, 2.7359, 2.8718, 1.304
1037.6, -0.00034964, -0.33736, 0.71932, 0.60726, 2.7135, 2.9479, 1.3385
1037.8, -0.00023656, -0.33826, 0.72105, 0.60471, 2.6756, 3.0339, 1.3798
1038, -0.00012074, -0.33854, 0.72208, 0.60332, 2.6539, 3.1079, 1.4136
1038.2, 6.4625e-05, -0.33907, 0.72332, 0.60153, 2.6193, 3.1863, 1.4508
1038.4, -4.7515e-05, -0.33936, 0.72338, 0.6013, 2.6102, 3.1926, 1.4532
1038.6, 0.00012627, -0.33969, 0.72292, 0.60166, 2.6207, 3.1929, 1.4577
1038.8, -7.0486e-06, -0.3396, 0.72306, 0.60154, 2.618, 3.1894, 1.4556
1039, 7.3939e-05, -0.33969, 0.72301, 0.60156, 2.6173, 3.1895, 1.4572
1039.6, -3.6444e-06, -0.33962, 0.7228, 0.60184, 2.6206, 3.1885, 1.4564
1039.8, -0.00024052, -0.33917, 0.72288, 0.60201, 2.6203, 3.1916, 1.4545
1040, -0.00021272, -0.33947, 0.72281, 0.60191, 2.6169, 3.1936, 1.4564
1040.2, -3.713e-05, -0.33974, 0.72271, 0.60189, 2.6099, 3.1956, 1.4596
1040.4, -8.7179e-05, -0.3396, 0.7226, 0.6021, 2.6148, 3.1983, 1.4605
1040.6, -0.00024186, -0.33975, 0.72248, 0.60216, 2.6184, 3.1928, 1.4562
1040.8, -0.00022604, -0.33954, 0.7226, 0.60213, 2.6187, 3.1929, 1.456
1041, -1.4085e-05, -0.33964, 0.72261, 0.60207, 2.6136, 3.1953, 1.4599
1041.2, 0.00018996, -0.34081, 0.72459, 0.59901, 2.5872, 3.2076, 1.466
1041.4, -6.6229e-05, -0.34377, 0.7327, 0.58735, 2.5766, 3.2833, 1.501
1041.6, -0.00043312, -0.34661, 0.73971, 0.5768, 2.5693, 3.3524, 1.5319
1041.8, -0.00015964, -0.34978, 0.74531, 0.5676, 2.5468, 3.4307, 1.5695
1042, -0.00050549, -0.35304, 0.75323, 0.55499, 2.5191, 3.4964, 1.5976
1042.2, 2.252e-05, -0.35631, 0.7593, 0.54453, 2.4871, 3.5703, 1.6364
1042.4, -7.6028e-05, -0.35943, 0.76472, 0.5348, 2.4581, 3.6403, 1.6708
1042.6, -8.8308e-05, -0.36356, 0.77334, 0.5194, 2.4177, 3.7086, 1.7044
1042.8, 9.3012e-05, -0.36641, 0.77923, 0.50847, 2.3755, 3.7719, 1.7358
1043, -0.00014684, -0.36923, 0.78589, 0.49603, 2.3401, 3.8417, 1.7662
1043.2, -0.00021898, -0.37324, 0.79507, 0.47808, 2.2875, 3.9081, 1.7959
1043.4, -0.00016438, -0.37659, 0.80034, 0.46652, 2.2481, 3.9705, 1.8287
1043.6, -0.00040203, -0.37931, 0.80729, 0.45212, 2.1968, 4.035, 1.8544
1044, -0.00046759, -0.38606, 0.82086, 0.42088, 2.0937, 4.1525, 1.91
1044.2, -0.00060692, -0.38889, 0.82786, 0.40424, 2.0326, 4.2004, 1.9319
1044.4, -0.00035075, -0.39226, 0.83452, 0.38692, 1.9791, 4.2543, 1.9576
1044.6, -0.00067315, -0.39482, 0.84028, 0.37154, 1.9162, 4.2983, 1.9747
1044.8, -0.00065519, -0.3981, 0.84788, 0.35016, 1.8473, 4.3556, 2.004
1045, -0.00062055, -0.40106, 0.85426, 0.33073, 1.7796, 4.3895, 2.0202
1045.2, -0.00043996, -0.40438, 0.85946, 0.31273, 1.7134, 4.4259, 2.0457
1045.4, -0.00028755, -0.40787, 0.86644, 0.28797, 1.6349, 4.4463, 2.062
1045.6, -0.00044622, -0.40961, 0.87184, 0.26853, 1.5529, 4.4779, 2.0684
1045.8, -0.00062626, -0.41211, 0.87629, 0.24955, 1.4859, 4.5143, 2.0879
1046, -0.00054302, -0.41513, 0.88237, 0.22159, 1.4075, 4.5351, 2.0997
1046.2, -0.00047101, -0.41629, 0.88676, 0.20091, 1.3248, 4.5536, 2.106
1046.4, -0.0014556, -0.4184, 0.89063, 0.17807, 1.2532, 4.5696, 2.1083
1046.6, -0.00093128, -0.41973, 0.89498, 0.15114, 1.1834, 4.5786, 2.1149
1046.8, -0.00039975, -0.42175, 0.89724, 0.13069, 1.106, 4.5854, 2.1253
1047, -0.00091136, -0.42165, 0.90084, 0.10341, 1.0209, 4.5969, 2.119
1047.2, -0.00077928, -0.42291, 0.90286, 0.077451, 0.93595, 4.5916, 2.1176
1047.4, -0.001107, -0.42399, 0.90405, 0.054032, 0.85793, 4.5897, 2.1203
1047.6, -0.0011242, -0.42441, 0.90504, 0.027864, 0.77583, 4.5872, 2.1175
1047.8, -0.0010226, -0.4243, 0.90552, 0.0023395, 0.68036, 4.5696, 2.1103
1048, -0.0010478, -0.42391, 0.90553, -0.017696, 0.60865, 4.5641, 2.102
1048.2, -0.0012355, -0.42409, 0.90443, -0.046401, 0.53264, 4.5475, 2.0992
1048.4, -0.0012619, -0.4245, 0.9029, -0.067639, 0.45017, 4.5256, 2.0977
1048.6, -0.0012926, -0.42282, 0.90209, -0.086386, 0.37494, 4.5113, 2.0767
1048.8, -0.0016827, -0.42197, 0.89962, -0.11237, 0.29868, 4.4868, 2.0689
1049, -0.0015782, -0.42075, 0.89765, -0.1311, 0.22023, 4.4757, 2.0604
1049.2, -0.0016287, -0.41924, 0.89538, -0.15009, 0.14288, 4.4492, 2.0432
1049.4, -0.0014785, -0.41834, 0.89166, -0.17303, 0.07775, 4.4084, 2.0354
1049.6, -0.0016127, -0.41788, 0.88834, -0.19032, 0.0052062, 4.3791, 2.027
1049.8, -0.0016983, -0.4163, 0.88476, -0.20948, -0.074461, 4.3486, 2.0161
1050, -0.0018505, -0.41446, 0.88059, -0.22974, -0.14912, 4.3095, 1.9918
1050.2, -0.0021141, -0.41331, 0.87696, -0.24516, -0.21341, 4.2789, 1.9803
1050.4, -0.0018174, -0.41135, 0.87228, -0.26441, -0.28962, 4.2352, 1.9645
1050.6, -0.0024647, -0.40978, 0.86746, -0.2821, -0.35668, 4.1941, 1.9486
1050.8, -0.0019079, -0.40763, 0.86383, -0.29603, -0.42044, 4.1466, 1.9276
1051, -0.00209, -0.40523, 0.85832, -0.31475, -0.49043, 4.098, 1.9046
1051.2, -0.0025754, -0.40362, 0.85301, -0.33085, -0.55482, 4.0451, 1.885
1051.4, -0.0019515, -0.40061, 0.84949, -0.34334, -0.61441, 4.0098, 1.8626
1051.6, -0.0017692, -0.3971, 0.84309, -0.36264, -0.67269, 3.9612, 1.8329
1051.8, -0.0025134, -0.39538, 0.83711, -0.37805, -0.72387, 3.9038, 1.8114
1052, -0.001962, -0.3931, 0.83329, -0.38871, -0.77654, 3.8554, 1.7898
1052.2, -0.0016164, -0.38993, 0.82616, -0.40672, -0.83272, 3.801, 1.7649
1052.4, -0.0018173, -0.38724, 0.82122, -0.4191, -0.87484, 3.7595, 1.7468
1052.6, -0.0021359, -0.38486, 0.816, -0.4313, -0.9341, 3.6978, 1.7156
1052.8, -0.0018366, -0.38212, 0.80945, -0.44583, -0.97774, 3.6387, 1.6871
1053.2, -0.0019299, -0.3759, 0.79804, -0.47097, -1.0706, 3.5186, 1.6272
1053.4, -0.0017956, -0.37267, 0.79146, -0.48446, -1.1093, 3.4593, 1.5974
1053.6, -0.0016236, -0.3703, 0.78553, -0.49579, -1.1635, 3.3985, 1.574
1053.8, -0.0013986, -0.36709, 0.77955, -0.50749, -1.2008, 3.3367, 1.5391
1054, -0.0015596, -0.36394, 0.77295, -0.5197, -1.2463, 3.2651, 1.5049
1054.4, -0.00032202, -0.3584, 0.76319, -0.53767, -1.3095, 3.142, 1.4418
1054.6, -0.00056116, -0.35672, 0.75865, -0.54515, -1.346, 3.0776, 1.418
1054.8, -0.00063489, -0.35604, 0.75619, -0.54901, -1.3677, 3.0126, 1.3886
1055, -0.00035501, -0.35154, 0.74835, -0.56249, -1.3914, 2.9413, 1.3485
1055.4, 0.00012763, -0.34681, 0.73831, -0.57847, -1.4393, 2.8134, 1.2905
1055.6, -0.00043376, -0.34141, 0.72632, -0.59657, -1.4556, 2.756, 1.26
1055.8, -0.00017902, -0.3374, 0.71837, -0.60836, -1.4741, 2.6794, 1.2259
1056, -0.0011041, -0.33003, 0.70311, -0.62986, -1.4856, 2.6101, 1.1835
1056.2, -0.00092092, -0.3297, 0.70232, -0.63091, -1.4957, 2.5397, 1.1541
1056.4, -0.00099531, -0.32918, 0.70142, -0.63218, -1.5166, 2.4659, 1.1197
1056.6, -0.001267, -0.32902, 0.70085, -0.63289, -1.5291, 2.4129, 1.093
1056.8, -0.0013292, -0.32866, 0.69956, -0.6345, -1.5476, 2.3348, 1.0568
1057, -0.0013917, -0.32866, 0.6989, -0.63523, -1.5586, 2.269, 1.0295
1057.2, -0.0014677, -0.32819, 0.6976, -0.6369, -1.5713, 2.2001, 0.99657
1057.4, -0.0013946, -0.32788, 0.69689, -0.63784, -1.5891, 2.142, 0.9717
1057.6, -0.0019563, -0.32773, 0.69593, -0.63896, -1.6015, 2.0835, 0.94155
1057.8, -0.0021015, -0.32748, 0.69456, -0.64058, -1.6076, 2.0145, 0.91189
1058, -0.0024011, -0.32713, 0.69371, -0.64168, -1.6075, 1.9545, 0.88269
1058.2, -0.0022774, -0.3264, 0.69213, -0.64375, -1.6298, 1.8698, 0.84132
1058.4, -0.002085, -0.32634, 0.69116, -0.64483, -1.639, 1.8139, 0.82132
1058.6, -0.0023349, -0.32589, 0.68992, -0.64638, -1.6483, 1.7463, 0.78564
1058.8, -0.0019797, -0.32479, 0.68805, -0.64892, -1.6605, 1.6706, 0.75059
1059, -0.0020384, -0.32492, 0.68767, -0.64925, -1.6674, 1.6315, 0.73325
1059.2, -0.0018445, -0.32473, 0.68783, -0.64918, -1.6637, 1.632, 0.73322
1059.4, -0.0015561, -0.32454, 0.68786, -0.64924, -1.666, 1.6278, 0.73122
1059.6, -0.0020707, -0.32486, 0.68759, -0.64937, -1.6653, 1.6265, 0.72972
1060, -0.0016393, -0.3247, 0.68753, -0.64952, -1.6707, 1.6192, 0.73227
1060.2, -0.0017142, -0.32439, 0.68778, -0.6494, -1.6696, 1.6254, 0.72781
1060.8, -0.002046, -0.32459, 0.68784, -0.64924, -1.6615, 1.6257, 0.727
1061, -0.0020558, -0.32448, 0.68794, -0.64919, -1.666, 1.6278, 0.72661
1061.2, -0.0020937, -0.32273, 0.68524, -0.65291, -1.6622, 1.6172, 0.71884
1061.4, -0.0013154, -0.32104, 0.6823, -0.6568, -1.6613, 1.5664, 0.70121
1061.6, -0.0015798, -0.31891, 0.6781, -0.66217, -1.6569, 1.5227, 0.67653
1061.8, -0.0018316, -0.31663, 0.67368, -0.66776, -1.6637, 1.471, 0.65258
1062, -0.0016215, -0.31452, 0.66957, -0.67287, -1.6658, 1.4189, 0.6308
1062.2, -0.0010166, -0.31057, 0.66235, -0.68178, -1.6672, 1.3567, 0.60163
1062.4, -0.0010059, -0.30754, 0.65572, -0.68952, -1.6648, 1.293, 0.57368
1062.6, -0.0014896, -0.30477, 0.64951, -0.6966, -1.6615, 1.2446, 0.55011
1062.8, -0.0015337, -0.30039, 0.63892, -0.7082, -1.6632, 1.1758, 0.51813
1063, -0.000942, -0.29647, 0.63075, -0.71712, -1.6574, 1.1265, 0.50089
1063.2, -0.0010498, -0.29163, 0.61991, -0.72846, -1.6514, 1.0642, 0.47152
1063.4, -0.00027846, -0.28564, 0.60679, -0.74177, -1.6405, 1.0057, 0.4505
1063.6, -0.0009411, -0.28033, 0.59595, -0.7525, -1.6292, 0.95177, 0.41943
1063.8, -0.00070279, -0.27253, 0.57921, -0.76828, -1.6055, 0.89389, 0.39549
1064, -0.00048681, -0.26365, 0.5625, -0.78364, -1.5889, 0.83037, 0.36442
1064.2, -0.00051851, -0.25647, 0.54719, -0.79675, -1.5707, 0.77457, 0.33447
1064.4, -0.00097244, -0.24507, 0.52338, -0.81609, -1.5317, 0.71847, 0.3017
1064.6, -0.00088862, -0.23499, 0.50142, -0.83268, -1.509, 0.6563, 0.27678
1064.8, -0.00094547, -0.22544, 0.48203, -0.84665, -1.47, 0.58864, 0.24267
1065, -0.00127, -0.21172, 0.45301, -0.866, -1.4408, 0.5342, 0.22101
1065.2, -0.0016091, -0.20049, 0.42776, -0.88138, -1.4086, 0.47779, 0.19468
1065.4, -0.0010055, -0.1882, 0.40214, -0.89603, -1.3814, 0.423, 0.17112
1065.6, -0.00035942, -0.17345, 0.37012, -0.91265, -1.3248, 0.35456, 0.14455
1065.8, -0.0008096, -0.16139, 0.34524, -0.92453, -1.2775, 0.31371, 0.11775
1066, -0.0011981, -0.14605, 0.31269, -0.93856, -1.2224, 0.26301, 0.092273
1066.2, -0.00085954, -0.13176, 0.28173, -0.9504, -1.1694, 0.20884, 0.072086
1066.4, -0.0016267, -0.11988, 0.2565, -0.95908, -1.1223, 0.17946, 0.051095
1066.6, -0.001031, -0.099016, 0.21157, -0.97233, -1.0729, 0.1271, 0.029488
1066.8, -0.0011314, -0.080451, 0.17319, -0.9816, -1.0136, 0.096062, 0.0092704
1067, -0.0010547, -0.066348, 0.14358, -0.98741, -0.97063, 0.054459, -0.011783
1067.2, -0.0016838, -0.065744, 0.14319, -0.98751, -0.96947, 0.052722, -0.019281
1067.4, -0.0018641, -0.065835, 0.14278, -0.98756, -0.96283, 0.045582, -0.017473
1067.6, -0.0012336, -0.066206, 0.14274, -0.98754, -0.96722, 0.044503, -0.012692
1067.8, -0.0016686, -0.066264, 0.14279, -0.98753, -0.96422, 0.044155, -0.014648
1068, -0.0016359, -0.066349, 0.14278, -0.98753, -0.96566, 0.049766, -0.010474
1068.2, -0.0018958, -0.065989, 0.1425, -0.98759, -0.96229, 0.043185, -0.018096
1068.4, -0.0016618, -0.066346, 0.14273, -0.98753, -0.96801, 0.049321, -0.010186
1068.6, -0.001394, -0.066564, 0.14271, -0.98752, -0.96502, 0.048299, -0.006526
1068.8, -0.0013913, -0.066562, 0.14254, -0.98755, -0.96571, 0.044178, -0.0074622
1069, -0.0012454, -0.066662, 0.1427, -0.98752, -0.9676, 0.047018, -0.0053161
1069.2, -0.0014793, -0.06662, 0.14276, -0.98751, -0.97035, 0.047624, -0.0052222
1069.4, -0.0010855, -0.066596, 0.14262, -0.98753, -0.96894, 0.044428, -0.0042833
1069.6, -0.0010236, -0.066726, 0.1428, -0.9875, -0.96977, 0.047892, -0.0015222
1069.8, -0.0011682, -0.066613, 0.14311, -0.98746, -0.96595, 0.05304, -0.0026305
1070, -0.00086129, -0.066762, 0.14335, -0.98742, -0.97231, 0.057101, 0.0011236
1070.2, -0.00079257, -0.066604, 0.1429, -0.98749, -0.97149, 0.047769, -0.0023135
1070.4, -0.00099389, -0.066581, 0.14317, -0.98746, -0.97204, 0.053742, -0.0019537
1070.6, -0.0011897, -0.066503, 0.14321, -0.98746, -0.9714, 0.052741, -0.0045636
1070.8, -0.0010869, -0.066503, 0.14313, -0.98747, -0.97725, 0.049513, -0.0035493
1071, -0.001286, -0.066702, 0.1433, -0.98743, -0.97723, 0.049635, -0.0022651
1071.2, -0.0012813, -0.066498, 0.14295, -0.98749, -0.97709, 0.050599, -0.0057363
1071.4, -0.0019493, -0.06543, 0.14077, -0.98788, -0.89458, 0.029224, -0.018525
1071.6, -0.0015911, -0.065032, 0.13976, -0.98805, -0.8195, 0.011732, -0.026638
1071.8, -0.0019462, -0.064455, 0.13857, -0.98825, -0.73454, -0.017099, -0.038986
1072, -0.0017384, -0.063686, 0.13683, -0.98854, -0.63418, -0.043457, -0.047879
1072.2, -0.0019451, -0.063598, 0.13554, -0.98873, -0.55839, -0.064765, -0.054567
1072.4, -0.0022467, -0.063143, 0.13532, -0.98879, -0.48237, -0.073572, -0.064597
1072.6, -0.0019407, -0.06187, 0.13312, -0.98917, -0.39049, -0.10216, -0.078133
1072.8, -0.0022112, -0.060812, 0.13147, -0.98945, -0.3081, -0.13229, -0.094288
1073, -0.0019769, -0.060387, 0.13016, -0.98965, -0.22226, -0.15331, -0.10426
1073.2, -0.0016773, -0.05977, 0.12845, -0.98991, -0.13887, -0.18129, -0.11152
1073.4, -0.0020576, -0.059261, 0.12737, -0.99008, -0.050874, -0.19811, -0.12323
1073.6, -0.0023171, -0.059003, 0.12577, -0.9903, 0.042243, -0.22247, -0.12902
1073.8, -0.0010576, -0.058216, 0.12442, -0.99052, 0.13824, -0.25236, -0.1361
1074, -0.0012637, -0.057747, 0.12386, -0.99062, 0.22373, -0.26026, -0.14339
1074.2, -0.0017479, -0.056859, 0.12226, -0.99087, 0.31332, -0.28256, -0.1582
1074.4, -0.0012248, -0.056479, 0.12034, -0.99112, 0.38933, -0.31472, -0.16687
1074.6, -0.0014397, -0.05563, 0.11927, -0.9913, 0.47355, -0.33247, -0.17536
1074.8, -0.001389, -0.054559, 0.11711, -0.99162, 0.55808, -0.35424, -0.1859
1075, -0.00080489, -0.053955, 0.1159, -0.99179, 0.64054, -0.37626, -0.19367
1075.2, -0.0010791, -0.05339, 0.11448, -0.99199, 0.73293, -0.39898, -0.20459
1075.4, -0.0010485, -0.0527, 0.11269, -0.99223, 0.82674, -0.42573, -0.2181
1075.6, -0.00066255, -0.052029, 0.11092, -0.99247, 0.92349, -0.45203, -0.22474
1076.8, -0.00089345, -0.047051, 0.10015, -0.99386, 1.4598, -0.57497, -0.28593
1077, -0.00066153, -0.046159, 0.097676, -0.99415, 1.5596, -0.59388, -0.29177
1077.2, -0.00047171, -0.045583, 0.096267, -0.99431, 1.6336, -0.60706, -0.29818
1077.4, -0.00090989, -0.044768, 0.094857, -0.99448, 1.7224, -0.62829, -0.31079
1077.6, -0.00018104, -0.043659, 0.092794, -0.99473, 1.8127, -0.65015, -0.31635
1077.8, -0.00067814, -0.042991, 0.091917, -0.99484, 1.8914, -0.66972, -0.3328
1078, -0.00077629, -0.042349, 0.089926, -0.99505, 1.9877, -0.67853, -0.33569
1078.2, -0.00089522, -0.041358, 0.087861, -0.99527, 2.0753, -0.69591, -0.34388
1078.4, -0.00058165, -0.040658, 0.086356, -0.99543, 2.163, -0.71063, -0.34908
1078.6, -0.0006545, -0.03978, 0.08506, -0.99558, 2.255, -0.72817, -0.35888
1078.8, -0.00082286, -0.038712, 0.083389, -0.99576, 2.3415, -0.73627, -0.36816
1079.2, -0.00078717, -0.037107, 0.080076, -0.9961, 2.5225, -0.76752, -0.38261
1079.4, -0.0014655, -0.036, 0.078631, -0.99625, 2.6172, -0.77339, -0.39234
1079.6, -0.0013165, -0.0352, 0.077183, -0.99639, 2.7058, -0.79299, -0.40025
1079.8, -0.0017431, -0.034383, 0.075265, -0.99657, 2.7943, -0.80258, -0.40504
1080, -0.0015063, -0.033841, 0.073473, -0.99672, 2.8824, -0.82035, -0.41098
1080.2, -0.0018378, -0.032853, 0.07193, -0.99687, 2.9675, -0.83053, -0.42024
1080.4, -0.0024428, -0.031712, 0.069645, -0.99706, 3.0659, -0.84393, -0.42982
1080.6, -0.002031, -0.031116, 0.067787, -0.99721, 3.1535, -0.85949, -0.43203
1080.8, -0.0017279, -0.030173, 0.065897, -0.99737, 3.2455, -0.87794, -0.44033
1081, -0.0020788, -0.028859, 0.063736, -0.99755, 3.3396, -0.88915, -0.44946
1081.2, -0.001765, -0.028339, 0.06221, -0.99766, 3.4272, -0.90067, -0.44987
1081.4, -0.0016699, -0.027452, 0.060603, -0.99778, 3.5257, -0.91596, -0.45707
1081.6, -0.00087876, -0.026725, 0.059, -0.9979, 3.6125, -0.92664, -0.45742
1081.8, -0.0013393, -0.02587, 0.057446, -0.99801, 3.6982, -0.94016, -0.4689
1082, -0.001254, -0.025006, 0.055463, -0.99815, 3.7948, -0.94813, -0.47082
1082.2, -0.0018115, -0.024042, 0.054078, -0.99825, 3.8848, -0.95175, -0.47812
1082.4, -0.0017396, -0.023558, 0.052996, -0.99832, 3.9674, -0.96034, -0.4781
1082.6, -0.0017597, -0.022721, 0.050886, -0.99844, 4.0601, -0.97006, -0.48276
1082.8, -0.0018691, -0.022055, 0.049425, -0.99853, 4.1474, -0.97878, -0.48641
1083, -0.0012442, -0.021392, 0.047796, -0.99863, 4.24, -0.9898, -0.4882
1083.2, -0.001284, -0.020529, 0.046206, -0.99872, 4.3258, -1.0037, -0.4945
1083.4, -0.0015757, -0.019732, 0.04511, -0.99879, 4.4182, -1.0108, -0.50122
1083.6, -0.0015474, -0.019285, 0.043595, -0.99886, 4.5176, -1.0167, -0.50292
1084, -0.0012515, -0.017942, 0.039981, -0.99904, 4.6801, -1.0374, -0.50837
1084.2, -0.00083977, -0.017124, 0.038121, -0.99913, 4.7758, -1.0482, -0.51078
1084.4, -0.0013488, -0.01616, 0.036568, -0.9992, 4.8642, -1.0535, -0.517
1084.6, -0.0017283, -0.015515, 0.035552, -0.99925, 4.9482, -1.0547, -0.522
1084.8, -0.0021061, -0.014498, 0.033046, -0.99935, 5.043, -1.0635, -0.5256
1085, -0.0021438, -0.013637, 0.031548, -0.99941, 5.1261, -1.0686, -0.52906
1085.2, -0.0017063, -0.013209, 0.03003, -0.99946, 5.2135, -1.085, -0.53369
1085.4, -0.0020773, -0.012005, 0.027945, -0.99954, 5.3154, -1.0858, -0.53604
1085.6, -0.0019393, -0.011193, 0.026628, -0.99958, 5.3942, -1.095, -0.53943
1085.8, -0.0013108, -0.01058, 0.024797, -0.99964, 5.485, -1.0987, -0.53715
1086, -0.00083327, -0.009791, 0.022622, -0.9997, 5.5742, -1.1052, -0.53672
1086.2, -0.001213, -0.0088565, 0.020887, -0.99974, 5.6669, -1.1107, -0.54013
1086.4, -0.0011177, -0.0081898, 0.019594, -0.99977, 5.7604, -1.1117, -0.54081
1086.6, -0.0009599, -0.0071856, 0.017596, -0.99982, 5.853, -1.1085, -0.53966
1086.8, -0.00057595, -0.00676, 0.016407, -0.99984, 5.9225, -1.1099, -0.53811
1087, -0.00077321, -0.0057888, 0.014188, -0.99988, 6.0237, -1.1143, -0.53932
1087.2, -0.00045858, -0.0048832, 0.012214, -0.99991, 6.1229, -1.1162, -0.53817
1087.4, -0.00067347, -0.0043979, 0.010686, -0.99993, 6.2149, -1.1139, -0.53768
1087.8, -0.00070803, -0.0029168, 0.0078113, -0.99996, 6.3923, -1.1212, -0.54149
1088, -0.0005011, -0.002284, 0.0060387, -0.99998, 6.4883, -1.1322, -0.54487
1088.4, -0.00070262, -0.00068623, 0.0026551, -1, 6.6695, -1.1349, -0.5485
1088.6, -0.00052412, -0.0001883, 0.0016729, -1, 6.7431, -1.1337, -0.54797
1088.8, -0.00024126, 0.00056675, -0.000428, -1, 6.8435, -1.1382, -0.5486
1089, -0.00086348, 0.001396, -0.001578, -1, 6.9483, -1.138, -0.54923
1089.2, -0.0009323, 0.0019236, -0.002581, -0.99999, 7.0315, -1.134, -0.54898
1089.4, -0.0007844, 0.0028918, -0.0046355, -0.99998, 7.1234, -1.1387, -0.55091
1089.6, -0.0014853, 0.0037438, -0.0062456, -0.99997, 7.2201, -1.1351, -0.55144
1089.8, -0.0015533, 0.0043781, -0.0075124, -0.99996, 7.3142, -1.1345, -0.55068
1090, -0.0010682, 0.0048918, -0.0091963, -0.99995, 7.3962, -1.1318, -0.54662
1090.2, -0.0011075, 0.0056211, -0.010668, -0.99993, 7.4791, -1.1321, -0.54539
1090.4, -0.0013006, 0.0066766, -0.012565, -0.9999, 7.5806, -1.1269, -0.54341
1090.6, -0.0011678, 0.0071306, -0.013924, -0.99988, 7.6682, -1.1262, -0.54324
1090.8, -0.001231, 0.0076905, -0.01509, -0.99986, 7.7519, -1.1236, -0.54184
1091, -0.0011036, 0.0084443, -0.016914, -0.99982, 7.8469, -1.1143, -0.53782
1091.2, -0.0016223, 0.0092968, -0.018134, -0.99979, 7.9387, -1.1078, -0.53754
1091.4, -0.0015507, 0.0099038, -0.01938, -0.99976, 8.0288, -1.1108, -0.53952
1091.6, -0.00059165, 0.010636, -0.020983, -0.99972, 8.1178, -1.1071, -0.53115
1091.8, -0.0010249, 0.011377, -0.022637, -0.99968, 8.2076, -1.1025, -0.53108
1092, -0.00065235, 0.012385, -0.024602, -0.99962, 8.3002, -1.1009, -0.52895
1092.2, -1.6111e-05, 0.013009, -0.026829, -0.99956, 8.3967, -1.0971, -0.52487
1092.4, -0.00055119, 0.014082, -0.028542, -0.99949, 8.4902, -1.0911, -0.52392
1092.6, -0.00083618, 0.015011, -0.030892, -0.99941, 8.5942, -1.0816, -0.52185
1093, -0.0013702, 0.016523, -0.033673, -0.9993, 8.7658, -1.0722, -0.51874
1093.2, -0.0013621, 0.017288, -0.035394, -0.99922, 8.8672, -1.0644, -0.5159
1093.4, -0.0013355, 0.018025, -0.03736, -0.99914, 8.9626, -1.0574, -0.51333
1093.6, -0.0011582, 0.018362, -0.03816, -0.9991, 9.041, -1.054, -0.51105
1094, -0.00068855, 0.019709, -0.041228, -0.99896, 9.2206, -1.0471, -0.50611
1094.2, -0.00091317, 0.020498, -0.04303, -0.99886, 9.3163, -1.0335, -0.50173
1094.4, -0.0011283, 0.021346, -0.044806, -0.99877, 9.4023, -1.0274, -0.50079
1094.6, -0.0012901, 0.022156, -0.046559, -0.99867, 9.4938, -1.0194, -0.49775
1094.8, -0.0012064, 0.022748, -0.047832, -0.9986, 9.5879, -1.0083, -0.49445
1095.2, -0.0013859, 0.02435, -0.051375, -0.99838, 9.7743, -0.98725, -0.48517
1095.4, -0.001376, 0.024765, -0.052459, -0.99831, 9.8685, -0.98012, -0.48149
1096, -0.0014064, 0.026853, -0.055965, -0.99807, 10.129, -0.95, -0.46396
1096.2, -0.0016203, 0.027576, -0.057544, -0.99796, 10.227, -0.93911, -0.46142
1096.4, -0.0016233, 0.028263, -0.059122, -0.99785, 10.322, -0.92698, -0.455
1096.6, -0.0018756, 0.028946, -0.060476, -0.99775, 10.423, -0.91528, -0.44927
1096.8, -0.0014751, 0.029503, -0.061812, -0.99765, 10.508, -0.90031, -0.44225
1097.2, -0.0016337, 0.02987, -0.062162, -0.99762, 10.584, -0.89308, -0.43757
1097.8, -0.0014703, 0.029969, -0.062517, -0.99759, 10.588, -0.89175, -0.43698
1098, -0.0018845, 0.030003, -0.062326, -0.9976, 10.585, -0.89435, -0.43935
1098.2, -0.0019037, 0.029923, -0.062166, -0.99762, 10.583, -0.89417, -0.4395
1098.4, -0.0020096, 0.029853, -0.061965, -0.99763, 10.574, -0.89703, -0.44141
1098.6, -0.0018399, 0.029625, -0.061713, -0.99765, 10.571, -0.89799, -0.44106
1098.8, -0.0019668, 0.029852, -0.0621, -0.99762, 10.573, -0.89206, -0.43878
1099, -0.0019914, 0.029818, -0.062055, -0.99763, 10.576, -0.89148, -0.43789
1099.2, -0.0021071, 0.029837, -0.061883, -0.99764, 10.568, -0.89205, -0.43733
1099.4, -0.0022992, 0.030044, -0.062039, -0.99762, 10.567, -0.88762, -0.43516
1099.6, -0.0019823, 0.029883, -0.062195, -0.99761, 10.56, -0.88936, -0.43474
1099.8, -0.002072, 0.029892, -0.062123, -0.99762, 10.56, -0.88809, -0.43511
1100, -0.0021033, 0.029868, -0.062005, -0.99763, 10.56, -0.88681, -0.4342
1100.2, -0.002452, 0.030022, -0.062116, -0.99761, 10.564, -0.88621, -0.43499
1100.4, -0.0010592, 0.041354, -0.086856, -0.99536, 10.595, -0.89585, -0.43777
1100.6, -0.0010657, 0.050435, -0.10716, -0.99296, 10.68, -0.88618, -0.43298
1100.8, -0.0011245, 0.06516, -0.13835, -0.98824, 10.751, -0.87586, -0.43009
1101, -0.00083758, 0.0753, -0.15985, -0.98427, 10.833, -0.8597, -0.42091
1101.2, -0.00092221, 0.084824, -0.17935, -0.98012, 10.916, -0.84177, -0.41186
1101.4, -0.00054831, 0.097775, -0.20763, -0.97331, 10.981, -0.81635, -0.40113
1101.6, -0.00070356, 0.10728, -0.22841, -0.96764, 11.047, -0.78221, -0.38433
1101.8, -0.00057724, 0.11604, -0.24684, -0.96208, 11.122, -0.74325, -0.36604
1102, -0.00083856, 0.12477, -0.26529, -0.95606, 11.186, -0.70147, -0.34758
1102.2, -0.00039211, 0.13184, -0.2807, -0.9507, 11.263, -0.65106, -0.32433
1102.4, -0.0003076, 0.13898, -0.29585, -0.94507, 11.336, -0.60116, -0.30056
1102.6, -0.0007924, 0.14724, -0.31334, -0.93816, 11.393, -0.54668, -0.27783
1102.8, -0.00084855, 0.15382, -0.32665, -0.93255, 11.456, -0.49163, -0.25111
1103, -0.00024241, 0.16043, -0.34238, -0.92576, 11.514, -0.4269, -0.22083
1103.2, -0.0002712, 0.16751, -0.35727, -0.91886, 11.579, -0.36863, -0.19452
1103.4, 0.00019414, 0.17291, -0.36902, -0.9132, 11.633, -0.30726, -0.16569
1103.6, -0.00017413, 0.18079, -0.38448, -0.90526, 11.694, -0.22771, -0.12541
1103.8, -4.0439e-05, 0.18633, -0.39691, -0.89875, 11.752, -0.15648, -0.093697
1104, -0.00035539, 0.19061, -0.40564, -0.89394, 11.803, -0.092914, -0.062491
1104.2, 0.00022208, 0.19676, -0.41884, -0.88649, 11.863, -0.010796, -0.024386
1104.4, 2.017e-05, 0.20091, -0.42811, -0.88111, 11.916, 0.074245, 0.013105
1104.6, 0.00025354, 0.20491, -0.43615, -0.87623, 11.967, 0.15056, 0.049837
1104.8, 6.2443e-05, 0.21005, -0.4476, -0.86922, 12.026, 0.23813, 0.091656
1105, 0.00032966, 0.21323, -0.45441, -0.86489, 12.073, 0.31745, 0.12647
1105.2, 0.00017925, 0.2174, -0.46218, -0.85973, 12.115, 0.40249, 0.1721
1105.4, -0.00018309, 0.22192, -0.47027, -0.85416, 12.17, 0.4894, 0.21563
1105.6, -0.00018995, 0.2254, -0.47657, -0.84975, 12.209, 0.57269, 0.25629
1105.8, -0.00039267, 0.22823, -0.48352, -0.84506, 12.25, 0.66515, 0.29719
1106, -1.2777e-06, 0.23115, -0.4901, -0.84046, 12.297, 0.75237, 0.34091
1106.2, -0.00033196, 0.23394, -0.49563, -0.83644, 12.332, 0.83785, 0.38368
1106.4, -5.5175e-05, 0.23661, -0.50146, -0.8322, 12.375, 0.93912, 0.42998
1106.6, -0.00024733, 0.23934, -0.50725, -0.8279, 12.412, 1.0367, 0.4743
1106.8, -0.00032463, 0.24212, -0.51158, -0.82442, 12.461, 1.1225, 0.51959
1107, -7.4362e-05, 0.2438, -0.51627, -0.82099, 12.5, 1.2172, 0.56098
1107.4, -0.00045191, 0.24777, -0.52419, -0.81476, 12.558, 1.3965, 0.64805
1107.8, -0.00055268, 0.24986, -0.52924, -0.81085, 12.609, 1.5423, 0.7161
1108, -0.00088363, 0.24981, -0.52936, -0.81078, 12.614, 1.5435, 0.7179
1108.2, -0.00077821, 0.2497, -0.52953, -0.8107, 12.619, 1.5455, 0.71755
1108.4, -0.00090329, 0.24968, -0.52941, -0.81079, 12.624, 1.5404, 0.71416
1108.6, -0.00092847, 0.24989, -0.52946, -0.81069, 12.627, 1.5439, 0.71769
1108.8, -0.00093389, 0.24975, -0.52927, -0.81087, 12.622, 1.5354, 0.7142
1109, -0.00092076, 0.24993, -0.52982, -0.81045, 12.624, 1.5458, 0.71596
1109.2, -0.00086938, 0.2496, -0.52978, -0.81057, 12.62, 1.5438, 0.71263
1109.4, -0.00098581, 0.24954, -0.52962, -0.8107, 12.617, 1.5419, 0.71289
1109.6, -0.0010366, 0.24958, -0.52959, -0.81071, 12.619, 1.5403, 0.71114
1109.8, -0.00090407, 0.2494, -0.52964, -0.81073, 12.617, 1.5428, 0.7118
1110, -0.00067377, 0.24924, -0.52974, -0.81071, 12.619, 1.5402, 0.70997
1110.2, -0.00060665, 0.2494, -0.53039, -0.81024, 12.618, 1.5445, 0.70992
1110.4, -0.00063975, 0.25308, -0.53533, -0.80583, 12.645, 1.643, 0.76813
1110.6, -0.0004616, 0.25557, -0.54128, -0.80106, 12.681, 1.7594, 0.82187
1111, -0.00023832, 0.25978, -0.54986, -0.79383, 12.746, 1.9955, 0.93343
1111.2, -0.0003574, 0.26283, -0.55604, -0.7885, 12.778, 2.1176, 0.99114
1111.4, -0.00030981, 0.26241, -0.55634, -0.78844, 12.822, 2.2504, 1.0478
1111.6, -0.00030497, 0.26362, -0.55895, -0.78618, 12.858, 2.3666, 1.101
1111.8, -0.0010296, 0.26546, -0.56169, -0.7836, 12.883, 2.4881, 1.1659
1112, -5.1157e-05, 0.26526, -0.5638, -0.78215, 12.924, 2.634, 1.2196
1112.2, -0.00057742, 0.26731, -0.56758, -0.77871, 12.956, 2.7755, 1.2889
1112.4, 9.2896e-05, 0.26924, -0.57077, -0.77572, 12.971, 2.8814, 1.3433
1112.6, 0.00017088, 0.27107, -0.57463, -0.77221, 13.001, 3.0225, 1.409
1112.8, -0.00053769, 0.27211, -0.57513, -0.77148, 12.998, 3.0695, 1.4428
1113, -0.00048428, 0.27166, -0.57509, -0.77167, 12.995, 3.067, 1.4378
1113.2, -0.00079876, 0.27166, -0.57478, -0.7719, 13.001, 3.0605, 1.4383
1113.4, -0.00084388, 0.27185, -0.5749, -0.77175, 12.996, 3.0627, 1.4418
1113.6, -0.0010224, 0.27205, -0.57484, -0.77172, 12.99, 3.0658, 1.4456
1113.8, -0.0012758, 0.27239, -0.57503, -0.77146, 12.994, 3.0714, 1.4507
1114, -0.0016573, 0.27291, -0.57467, -0.77154, 12.994, 3.0669, 1.4584
1114.2, -0.0016103, 0.27275, -0.57466, -0.77161, 12.996, 3.0653, 1.4551
1114.4, -0.0015889, 0.27306, -0.57484, -0.77136, 12.993, 3.066, 1.4596
1114.6, -0.0015934, 0.27287, -0.5747, -0.77153, 12.997, 3.0672, 1.4582
