179.00500, 0.00000, 0.00000, 0.00000, 1.00000, 0.00000, 0.00000, 0.00000
179.05500, 0.00000, -0.00000, 0.00000, 1.00000, 0.02499, -0.00000, 0.00000
179.10500, 0.00000, -0.00000, 0.00000, 1.00000, 0.04999, -0.00000, 0.00000
179.15500, 0.00000, -0.00000, 0.00000, 1.00000, 0.07498, -0.00000, 0.00000
179.20500, 0.00000, -0.00000, 0.00000, 1.00000, 0.09997, -0.00000, 0.00000
179.25500, 0.00000, -0.00000, 0.00000, 1.00000, 0.12496, -0.00000, 0.00000
179.30500, 0.00000, -0.00000, 0.00000, 1.00000, 0.14996, -0.00000, 0.00000
179.35500, 0.00000, -0.00000, 0.00000, 1.00000, 0.17495, -0.00000, 0.00000
179.40500, 0.00000, -0.00000, 0.00000, 1.00000, 0.19994, -0.00000, 0.00000
179.45500, 0.00000, -0.00000, 0.00000, 1.00000, 0.22493, -0.00000, 0.00000
179.50500, 0.00000, -0.00000, 0.00000, 1.00000, 0.24993, -0.00000, 0.00000
179.55500, 0.00000, -0.00000, 0.00000, 1.00000, 0.27492, -0.00000, 0.00000
179.60500, 0.00000, -0.00000, 0.00000, 1.00000, 0.29991, -0.00000, 0.00001
179.65500, 0.00000, -0.00000, 0.00000, 1.00000, 0.32491, -0.00000, 0.00001
179.70500, 0.00000, -0.00000, 0.00000, 1.00000, 0.34990, -0.00000, 0.00001
179.75500, 0.00000, -0.00000, 0.00000, 1.00000, 0.37489, -0.00000, 0.00001
179.80500, 0.00000, -0.00000, 0.00000, 1.00000, 0.39988, -0.00000, 0.00001
179.85500, 0.00000, -0.00000, 0.00000, 1.00000, 0.42488, -0.00000, 0.00001
179.90500, 0.00000, -0.00000, 0.00000, 1.00000, 0.44987, -0.00000, 0.00001
179.95500, 0.00000, -0.00000, 0.00000, 1.00000, 0.47486, -0.00000, 0.00001
180.00500, 0.00000, -0.00000, 0.00000, 1.00000, 0.49985, -0.00000, 0.00001
180.05500, 0.00000, -0.00000, 0.00000, 1.00000, 0.52485, -0.00000, 0.00001
180.10500, 0.00000, -0.00000, 0.00000, 1.00000, 0.54984, -0.00000, 0.00001
180.15500, 0.00000, -0.00000, 0.00000, 1.00000, 0.57483, -0.00000, 0.00001
180.20500, 0.00000, -0.00000, 0.00000, 1.00000, 0.59983, -0.00000, 0.00001
180.25500, 0.00000, -0.00000, 0.00000, 1.00000, 0.62482, -0.00000, 0.00001
180.30500, 0.00000, -0.00000, 0.00000, 1.00000, 0.64981, -0.00000, 0.00001
180.35500, 0.00000, -0.00000, 0.00000, 1.00000, 0.67480, -0.00000, 0.00001
180.40500, 0.00000, -0.00000, 0.00000, 1.00000, 0.69980, -0.00000, 0.00001
180.45500, 0.00000, -0.00000, 0.00000, 1.00000, 0.72479, -0.00000, 0.00001
180.50500, 0.00000, -0.00000, 0.00000, 1.00000, 0.74978, -0.00000, 0.00001
180.55500, 0.00000, -0.00000, 0.00000, 1.00000, 0.77478, -0.00001, 0.00001
180.60500, 0.00000, -0.00000, 0.00000, 1.00000, 0.79977, -0.00001, 0.00002
180.65500, 0.00000, -0.00000, 0.00000, 1.00000, 0.82476, -0.00001, 0.00002
180.70500, 0.00000, -0.00000, 0.00000, 1.00000, 0.84976, -0.00001, 0.00002
180.75500, 0.00000, -0.00000, 0.00000, 1.00000, 0.87475, -0.00001, 0.00002
180.80500, 0.00000, -0.00000, 0.00000, 1.00000, 0.89974, -0.00001, 0.00002
180.85500, 0.00000, -0.00000, 0.00000, 1.00000, 0.92474, -0.00001, 0.00002
180.90500, 0.00000, -0.00000, 0.00000, 1.00000, 0.94973, -0.00001, 0.00002
180.95500, 0.00000, -0.00000, 0.00000, 1.00000, 0.97472, -0.00001, 0.00002
181.00500, 0.00000, -0.00000, 0.00000, 1.00000, 0.99971, -0.00001, 0.00002
181.05500, 0.00000, -0.00000, 0.00000, 1.00000, 1.02471, -0.00001, 0.00002
181.10500, 0.00000, -0.00000, 0.00000, 1.00000, 1.04970, -0.00001, 0.00002
181.15500, 0.00000, -0.00000, 0.00000, 1.00000, 1.07469, -0.00001, 0.00002
181.20500, 0.00000, -0.00000, 0.00000, 1.00000, 1.09969, -0.00001, 0.00002
181.25500, 0.00000, -0.00000, 0.00000, 1.00000, 1.12468, -0.00001, 0.00002
181.30500, 0.00000, -0.00000, 0.00000, 1.00000, 1.14967, -0.00001, 0.00002
181.35500, 0.00000, -0.00000, 0.00000, 1.00000, 1.17467, -0.00001, 0.00002
181.40500, 0.00000, -0.00000, 0.00000, 1.00000, 1.19966, -0.00001, 0.00002
181.45500, 0.00000, -0.00000, 0.00000, 1.00000, 1.22465, -0.00001, 0.00002
181.50500, 0.00000, -0.00000, 0.00000, 1.00000, 1.24965, -0.00001, 0.00002
181.55500, 0.00000, -0.00000, 0.00000, 1.00000, 1.27464, -0.00001, 0.00002
181.60500, 0.00000, -0.00000, 0.00000, 1.00000, 1.29963, -0.00001, 0.00003
181.65500, 0.00000, -0.00000, 0.00000, 1.00000, 1.32463, -0.00001, 0.00003
181.70500, 0.00000, -0.00000, 0.00000, 1.00000, 1.34962, -0.00001, 0.00003
181.75500, 0.00000, -0.00000, 0.00000, 1.00000, 1.37461, -0.00001, 0.00003
181.80500, 0.00000, -0.00000, 0.00000, 1.00000, 1.39961, -0.00001, 0.00003
181.85500, 0.00000, -0.00000, 0.00000, 1.00000, 1.42460, -0.00001, 0.00003
181.90500, 0.00000, -0.00000, 0.00000, 1.00000, 1.44959, -0.00001, 0.00003
181.95500, -0.00003, -0.00096, 0.00204, 1.00000, 1.47315, 0.00030, 0.00014
182.00500, -0.00002, -0.00214, 0.00461, 0.99999, 1.49571, 0.00137, 0.00064
182.05500, -0.00004, -0.00369, 0.00795, 0.99996, 1.51713, 0.00328, 0.00151
182.10500, -0.00004, -0.00529, 0.01140, 0.99992, 1.53826, 0.00540, 0.00251
182.15500, -0.00003, -0.00692, 0.01487, 0.99987, 1.55937, 0.00769, 0.00357
182.20500, -0.00004, -0.00853, 0.01836, 0.99979, 1.58048, 0.01014, 0.00471
182.25500, -0.00005, -0.01016, 0.02188, 0.99971, 1.60156, 0.01275, 0.00593
182.30500, -0.00003, -0.01182, 0.02540, 0.99961, 1.62258, 0.01549, 0.00720
182.35500, -0.00004, -0.01346, 0.02895, 0.99949, 1.64362, 0.01842, 0.00856
182.40500, -0.00003, -0.01512, 0.03250, 0.99936, 1.66459, 0.02148, 0.00999
182.45500, -0.00004, -0.01752, 0.03765, 0.99914, 1.68392, 0.02513, 0.01168
182.50500, -0.00006, -0.02009, 0.04321, 0.99886, 1.70250, 0.02946, 0.01369
182.55500, -0.00010, -0.02345, 0.05051, 0.99845, 1.71927, 0.03458, 0.01604
182.60500, -0.00009, -0.02703, 0.05818, 0.99794, 1.73519, 0.04013, 0.01863
182.65500, -0.00018, -0.03055, 0.06588, 0.99736, 1.75112, 0.04594, 0.02128
182.70500, -0.00003, -0.03431, 0.07370, 0.99669, 1.76659, 0.05177, 0.02409
182.75500, -0.00015, -0.03792, 0.08166, 0.99594, 1.78224, 0.05830, 0.02705
182.80500, -0.00012, -0.04163, 0.08959, 0.99511, 1.79760, 0.06479, 0.03009
182.85500, -0.00012, -0.04544, 0.09777, 0.99417, 1.81274, 0.07174, 0.03333
182.90500, -0.00008, -0.04930, 0.10600, 0.99314, 1.82774, 0.07892, 0.03669
182.95500, -0.00005, -0.05320, 0.11433, 0.99202, 1.84255, 0.08640, 0.04019
183.00500, -0.00003, -0.05714, 0.12276, 0.99079, 1.85717, 0.09418, 0.04383
183.05500, -0.00006, -0.05979, 0.12849, 0.98991, 1.87481, 0.10184, 0.04739
183.10500, -0.00002, -0.06067, 0.13035, 0.98961, 1.89693, 0.10861, 0.05057
183.15500, -0.00004, -0.06118, 0.13146, 0.98943, 1.91977, 0.11542, 0.05372
183.20500, -0.00001, -0.06169, 0.13253, 0.98926, 1.94270, 0.12218, 0.05690
183.25500, -0.00001, -0.06219, 0.13361, 0.98908, 1.96567, 0.12905, 0.06009
183.30500, -0.00001, -0.06269, 0.13469, 0.98890, 1.98863, 0.13597, 0.06332
183.35500, -0.00000, -0.06271, 0.13471, 0.98890, 2.01244, 0.14273, 0.06647
183.40500, 0.00000, -0.06270, 0.13469, 0.98890, 2.03634, 0.14939, 0.06958
183.45500, 0.00000, -0.06270, 0.13469, 0.98890, 2.06024, 0.15605, 0.07268
183.50500, 0.00000, -0.06269, 0.13469, 0.98890, 2.08413, 0.16271, 0.07578
183.55500, 0.00000, -0.06269, 0.13469, 0.98890, 2.10802, 0.16937, 0.07888
183.60500, 0.00000, -0.06269, 0.13469, 0.98890, 2.13191, 0.17603, 0.08198
183.65500, 0.00000, -0.06269, 0.13469, 0.98890, 2.15581, 0.18269, 0.08508
183.70500, 0.00000, -0.06269, 0.13469, 0.98890, 2.17970, 0.18935, 0.08818
183.75500, 0.00000, -0.06269, 0.13469, 0.98890, 2.20359, 0.19601, 0.09128
183.80500, 0.00000, -0.06269, 0.13469, 0.98890, 2.22749, 0.20267, 0.09438
183.85500, 0.00000, -0.06269, 0.13469, 0.98890, 2.25138, 0.20932, 0.09748
183.90500, 0.00000, -0.06269, 0.13469, 0.98890, 2.27527, 0.21598, 0.10057
183.95500, 0.00000, -0.06269, 0.13469, 0.98890, 2.29916, 0.22264, 0.10367
184.00500, 0.00000, -0.06269, 0.13469, 0.98890, 2.32306, 0.22930, 0.10677
184.05500, 0.00000, -0.06269, 0.13469, 0.98890, 2.34695, 0.23596, 0.10987
184.10500, 0.00000, -0.06269, 0.13469, 0.98890, 2.37084, 0.24262, 0.11297
184.15500, 0.00000, -0.06269, 0.13469, 0.98890, 2.39473, 0.24928, 0.11607
184.20500, 0.00000, -0.06269, 0.13469, 0.98890, 2.41863, 0.25593, 0.11917
184.25500, 0.00000, -0.06269, 0.13469, 0.98890, 2.44252, 0.26259, 0.12227
184.30500, 0.00000, -0.06269, 0.13469, 0.98890, 2.46641, 0.26925, 0.12537
184.35500, 0.00000, -0.06269, 0.13469, 0.98890, 2.49030, 0.27591, 0.12847
184.40500, 0.00000, -0.06269, 0.13469, 0.98890, 2.51420, 0.28257, 0.13157
184.45500, 0.00000, -0.06269, 0.13469, 0.98890, 2.53809, 0.28923, 0.13467
184.50500, 0.00000, -0.06269, 0.13469, 0.98890, 2.56198, 0.29589, 0.13777
184.55500, 0.00000, -0.06269, 0.13469, 0.98890, 2.58588, 0.30255, 0.14087
184.60500, 0.00000, -0.06269, 0.13469, 0.98890, 2.60977, 0.30920, 0.14397
184.65500, 0.00000, -0.06270, 0.13469, 0.98890, 2.63366, 0.31586, 0.14707
184.70500, 0.00000, -0.06270, 0.13469, 0.98890, 2.65755, 0.32252, 0.15017
184.75500, 0.00000, -0.06270, 0.13469, 0.98890, 2.68145, 0.32918, 0.15327
184.80500, 0.00000, -0.06270, 0.13469, 0.98890, 2.70534, 0.33584, 0.15637
184.85500, 0.00000, -0.06270, 0.13469, 0.98890, 2.72923, 0.34250, 0.15947
184.90500, 0.00000, -0.06270, 0.13469, 0.98890, 2.75312, 0.34916, 0.16257
184.95500, 0.00000, -0.06270, 0.13469, 0.98890, 2.77702, 0.35582, 0.16567
185.00500, 0.00000, -0.06270, 0.13469, 0.98890, 2.80091, 0.36247, 0.16877
185.05500, 0.00000, -0.06270, 0.13469, 0.98890, 2.82480, 0.36913, 0.17187
185.10500, 0.00000, -0.06270, 0.13469, 0.98890, 2.84870, 0.37579, 0.17497
185.15500, 0.00000, -0.06270, 0.13469, 0.98890, 2.87259, 0.38245, 0.17807
185.20500, 0.00000, -0.06270, 0.13469, 0.98890, 2.89648, 0.38911, 0.18117
185.25500, 0.00000, -0.06270, 0.13469, 0.98890, 2.92038, 0.39577, 0.18427
185.30500, 0.00000, -0.06270, 0.13469, 0.98890, 2.94427, 0.40243, 0.18737
185.35500, 0.00000, -0.06270, 0.13469, 0.98890, 2.96816, 0.40909, 0.19047
185.40500, 0.00000, -0.06270, 0.13469, 0.98890, 2.99205, 0.41574, 0.19356
185.45500, 0.00000, -0.06270, 0.13469, 0.98890, 3.01595, 0.42240, 0.19666
185.50500, 0.00000, -0.06270, 0.13469, 0.98890, 3.03984, 0.42906, 0.19976
185.55500, 0.00000, -0.06270, 0.13469, 0.98890, 3.06373, 0.43572, 0.20286
185.60500, 0.00000, -0.06270, 0.13469, 0.98890, 3.08763, 0.44238, 0.20596
185.65500, 0.00000, -0.06270, 0.13469, 0.98890, 3.11152, 0.44904, 0.20906
185.70500, 0.00000, -0.06270, 0.13469, 0.98890, 3.13541, 0.45570, 0.21216
185.75500, 0.00000, -0.06270, 0.13469, 0.98890, 3.15931, 0.46236, 0.21526
185.80500, 0.00000, -0.06270, 0.13469, 0.98890, 3.18320, 0.46902, 0.21836
185.85500, 0.00000, -0.06270, 0.13469, 0.98890, 3.20709, 0.47567, 0.22146
185.90500, 0.00000, -0.06270, 0.13469, 0.98890, 3.23098, 0.48233, 0.22456
185.95500, 0.00000, -0.06270, 0.13469, 0.98890, 3.25488, 0.48899, 0.22766
186.00500, 0.00000, -0.06270, 0.13469, 0.98890, 3.27877, 0.49565, 0.23076
186.05500, 0.00000, -0.06270, 0.13469, 0.98890, 3.30266, 0.50231, 0.23386
186.10500, 0.00000, -0.06270, 0.13469, 0.98890, 3.32656, 0.50897, 0.23696
186.15500, 0.00000, -0.06270, 0.13469, 0.98890, 3.35045, 0.51563, 0.24006
186.20500, 0.00000, -0.06270, 0.13469, 0.98890, 3.37434, 0.52229, 0.24316
186.25500, 0.00000, -0.06270, 0.13469, 0.98890, 3.39823, 0.52894, 0.24626
186.30500, 0.00000, -0.06270, 0.13469, 0.98890, 3.42213, 0.53560, 0.24936
186.35500, -0.00001, -0.06111, 0.13137, 0.98945, 3.44653, 0.54398, 0.25324
186.40500, -0.00000, -0.05681, 0.12211, 0.99089, 3.47209, 0.55556, 0.25864
186.45500, -0.00000, -0.05145, 0.11059, 0.99253, 3.49831, 0.56775, 0.26431
186.50500, -0.00001, -0.04574, 0.09834, 0.99410, 3.52498, 0.57920, 0.26964
186.55500, -0.00000, -0.04014, 0.08629, 0.99546, 3.55177, 0.58977, 0.27456
186.60500, -0.00000, -0.03479, 0.07482, 0.99659, 3.57835, 0.59980, 0.27923
186.65500, 0.00000, -0.02965, 0.06373, 0.99753, 3.60485, 0.60912, 0.28357
186.70500, 0.00000, -0.02460, 0.05290, 0.99830, 3.63132, 0.61783, 0.28763
186.75500, 0.00000, -0.01960, 0.04215, 0.99892, 3.65793, 0.62591, 0.29139
186.80500, 0.00000, -0.01459, 0.03138, 0.99940, 3.68476, 0.63342, 0.29488
186.85500, 0.00000, -0.00952, 0.02050, 0.99974, 3.71195, 0.64041, 0.29814
186.90500, 0.00000, -0.00434, 0.00937, 0.99995, 3.73965, 0.64694, 0.30118
186.95500, 0.00001, 0.00102, -0.00215, 1.00000, 3.76803, 0.65303, 0.30401
187.00500, 0.00001, 0.00663, -0.01421, 0.99988, 3.79732, 0.65872, 0.30666
187.05500, 0.00001, 0.01262, -0.02707, 0.99955, 3.82789, 0.66404, 0.30914
187.10500, 0.00001, 0.01898, -0.04073, 0.99899, 3.85972, 0.66889, 0.31140
187.15500, -0.00000, 0.02463, -0.05288, 0.99830, 3.89148, 0.67188, 0.31278
187.20500, 0.00001, 0.02973, -0.06384, 0.99752, 3.92243, 0.67391, 0.31373
187.25500, 0.00001, 0.03478, -0.07468, 0.99660, 3.95331, 0.67521, 0.31434
187.30500, 0.00001, 0.03984, -0.08557, 0.99553, 3.98428, 0.67574, 0.31459
187.35500, 0.00001, 0.04488, -0.09638, 0.99433, 4.01512, 0.67529, 0.31438
187.40500, 0.00001, 0.04992, -0.10722, 0.99298, 4.04603, 0.67420, 0.31387
187.45500, 0.00001, 0.05353, -0.11501, 0.99192, 4.07536, 0.67132, 0.31254
187.50500, 0.00000, 0.05549, -0.11918, 0.99132, 4.10229, 0.66691, 0.31047
187.55500, 0.00001, 0.05704, -0.12252, 0.99083, 4.12868, 0.66202, 0.30820
187.60500, 0.00001, 0.05851, -0.12568, 0.99034, 4.15488, 0.65690, 0.30582
187.65500, 0.00001, 0.05998, -0.12884, 0.98985, 4.18104, 0.65162, 0.30336
187.70500, 0.00001, 0.06145, -0.13200, 0.98934, 4.20718, 0.64618, 0.30083
187.75500, 0.00001, 0.06292, -0.13516, 0.98882, 4.23326, 0.64057, 0.29822
187.80500, 0.00001, 0.06439, -0.13831, 0.98829, 4.25930, 0.63480, 0.29553
187.85500, 0.00001, 0.06586, -0.14147, 0.98775, 4.28530, 0.62886, 0.29277
187.90500, 0.00001, 0.06733, -0.14462, 0.98719, 4.31125, 0.62275, 0.28993
187.95500, 0.00001, 0.06880, -0.14778, 0.98663, 4.33715, 0.61648, 0.28701
188.00500, 0.00001, 0.07027, -0.15093, 0.98604, 4.36301, 0.61005, 0.28402
188.05500, 0.00001, 0.07173, -0.15408, 0.98545, 4.38882, 0.60346, 0.28095
188.10500, 0.00001, 0.07320, -0.15724, 0.98484, 4.41458, 0.59670, 0.27780
188.15500, 0.00001, 0.07467, -0.16039, 0.98423, 4.44029, 0.58978, 0.27458
188.20500, 0.00001, 0.07614, -0.16354, 0.98359, 4.46595, 0.58269, 0.27129
188.25500, 0.00001, 0.07760, -0.16669, 0.98295, 4.49155, 0.57544, 0.26791
188.30500, 0.00001, 0.07907, -0.16984, 0.98229, 4.51710, 0.56803, 0.26446
188.35500, 0.00001, 0.08053, -0.17299, 0.98163, 4.54259, 0.56046, 0.26094
188.40500, 0.00001, 0.08200, -0.17614, 0.98094, 4.56803, 0.55272, 0.25734
188.45500, 0.00001, 0.08345, -0.17927, 0.98025, 4.59337, 0.54483, 0.25367
188.50500, 0.00001, 0.08490, -0.18238, 0.97955, 4.61864, 0.53678, 0.24992
188.55500, 0.00001, 0.08635, -0.18549, 0.97884, 4.64384, 0.52857, 0.24610
188.60500, 0.00001, 0.08780, -0.18860, 0.97812, 4.66896, 0.52020, 0.24220
188.65500, 0.00001, 0.08924, -0.19170, 0.97739, 4.69402, 0.51167, 0.23824
188.70500, 0.00001, 0.09068, -0.19479, 0.97664, 4.71901, 0.50299, 0.23420
188.75500, 0.00001, 0.09104, -0.19562, 0.97645, 4.74233, 0.49365, 0.22986
188.80500, 0.00001, 0.09104, -0.19562, 0.97645, 4.76500, 0.48409, 0.22541
188.85500, 0.00001, 0.09104, -0.19562, 0.97645, 4.78766, 0.47454, 0.22097
188.90500, 0.00001, 0.09104, -0.19562, 0.97645, 4.81033, 0.46499, 0.21653
188.95500, 0.00001, 0.09104, -0.19562, 0.97645, 4.83300, 0.45544, 0.21208
189.00500, 0.00001, 0.09104, -0.19562, 0.97645, 4.85567, 0.44590, 0.20764
189.05500, 0.00001, 0.09104, -0.19562, 0.97645, 4.87834, 0.43635, 0.20320
189.10500, 0.00001, 0.09104, -0.19562, 0.97645, 4.90101, 0.42680, 0.19875
189.15500, 0.00001, 0.09104, -0.19562, 0.97645, 4.92367, 0.41725, 0.19431
189.20500, 0.00001, 0.09104, -0.19562, 0.97645, 4.94634, 0.40770, 0.18986
189.25500, 0.00001, 0.09104, -0.19562, 0.97645, 4.96901, 0.39815, 0.18542
189.30500, 0.00001, 0.09104, -0.19562, 0.97645, 4.99168, 0.38860, 0.18098
189.35500, 0.00001, 0.09104, -0.19562, 0.97645, 5.01435, 0.37905, 0.17653
189.40500, 0.00001, 0.09104, -0.19562, 0.97645, 5.03702, 0.36950, 0.17209
189.45500, 0.00001, 0.09104, -0.19562, 0.97645, 5.05969, 0.35995, 0.16764
189.50500, 0.00001, 0.09104, -0.19562, 0.97645, 5.08235, 0.35040, 0.16320
189.55500, 0.00001, 0.09104, -0.19562, 0.97645, 5.10502, 0.34086, 0.15876
189.60500, 0.00001, 0.09104, -0.19562, 0.97645, 5.12769, 0.33131, 0.15431
189.65500, 0.00001, 0.09104, -0.19562, 0.97645, 5.15036, 0.32176, 0.14987
189.70500, 0.00001, 0.09104, -0.19562, 0.97645, 5.17303, 0.31221, 0.14542
189.75500, 0.00000, 0.08989, -0.19317, 0.97704, 5.19502, 0.30390, 0.14155
189.80500, -0.00000, 0.08776, -0.18858, 0.97813, 5.21645, 0.29733, 0.13849
189.85500, 0.00000, 0.08498, -0.18263, 0.97950, 5.23743, 0.29158, 0.13582
189.90500, -0.00000, 0.08188, -0.17597, 0.98098, 5.25821, 0.28660, 0.13350
189.95500, -0.00000, 0.07874, -0.16920, 0.98243, 5.27896, 0.28201, 0.13136
190.00500, -0.00000, 0.07562, -0.16251, 0.98380, 5.29981, 0.27758, 0.12930
190.05500, -0.00000, 0.07254, -0.15589, 0.98511, 5.32075, 0.27331, 0.12731
190.10500, -0.00000, 0.06949, -0.14933, 0.98634, 5.34177, 0.26921, 0.12541
190.15500, -0.00003, 0.06779, -0.14563, 0.98701, 5.36411, 0.26414, 0.12301
190.20500, -0.00003, 0.06694, -0.14382, 0.98734, 5.38672, 0.25835, 0.12032
190.25500, -0.00000, 0.06685, -0.14362, 0.98737, 5.41029, 0.25146, 0.11714
190.30500, 0.00000, 0.06685, -0.14364, 0.98737, 5.43404, 0.24436, 0.11384
190.35500, 0.00000, 0.06685, -0.14364, 0.98737, 5.45778, 0.23727, 0.11054
190.40500, 0.00000, 0.06685, -0.14364, 0.98737, 5.48152, 0.23018, 0.10724
190.45500, 0.00000, 0.06685, -0.14364, 0.98737, 5.50526, 0.22309, 0.10394
190.50500, 0.00000, 0.06685, -0.14364, 0.98737, 5.52901, 0.21600, 0.10064
190.55500, 0.00000, 0.06685, -0.14364, 0.98737, 5.55275, 0.20891, 0.09734
190.60500, 0.00000, 0.06685, -0.14364, 0.98737, 5.57649, 0.20182, 0.09404
190.65500, 0.00000, 0.06685, -0.14364, 0.98737, 5.60023, 0.19473, 0.09074
190.70500, 0.00000, 0.06685, -0.14364, 0.98737, 5.62397, 0.18764, 0.08745
190.75500, 0.00000, 0.06685, -0.14364, 0.98737, 5.64771, 0.18055, 0.08415
190.80500, 0.00000, 0.06685, -0.14364, 0.98737, 5.67145, 0.17346, 0.08085
190.85500, 0.00000, 0.06685, -0.14364, 0.98737, 5.69519, 0.16637, 0.07755
190.90500, 0.00000, 0.06685, -0.14364, 0.98737, 5.71893, 0.15928, 0.07425
190.95500, 0.00000, 0.06685, -0.14364, 0.98737, 5.74267, 0.15219, 0.07095
191.00500, 0.00000, 0.06685, -0.14364, 0.98737, 5.76641, 0.14510, 0.06765
191.05500, 0.00000, 0.06685, -0.14364, 0.98737, 5.79015, 0.13801, 0.06435
191.10500, 0.00000, 0.06685, -0.14364, 0.98737, 5.81389, 0.13092, 0.06105
191.15500, 0.00000, 0.06685, -0.14364, 0.98737, 5.83763, 0.12383, 0.05775
191.20500, 0.00000, 0.06685, -0.14364, 0.98737, 5.86137, 0.11673, 0.05445
191.25500, 0.00000, 0.06685, -0.14364, 0.98737, 5.88511, 0.10964, 0.05115
191.30500, 0.00000, 0.06685, -0.14364, 0.98737, 5.90885, 0.10255, 0.04785
191.35500, 0.00000, 0.06685, -0.14364, 0.98737, 5.93259, 0.09546, 0.04455
191.40500, 0.00000, 0.06685, -0.14364, 0.98737, 5.95633, 0.08837, 0.04125
191.45500, 0.00000, 0.06685, -0.14364, 0.98737, 5.98007, 0.08128, 0.03795
191.50500, 0.00000, 0.06685, -0.14364, 0.98737, 6.00381, 0.07419, 0.03465
191.55500, 0.00000, 0.06685, -0.14364, 0.98737, 6.02755, 0.06710, 0.03136
191.60500, 0.00000, 0.06685, -0.14364, 0.98737, 6.05129, 0.06001, 0.02806
191.65500, 0.00000, 0.06685, -0.14364, 0.98737, 6.07503, 0.05292, 0.02476
191.70500, 0.00000, 0.06685, -0.14364, 0.98737, 6.09878, 0.04583, 0.02146
191.75500, 0.00000, 0.06685, -0.14364, 0.98737, 6.12252, 0.03874, 0.01816
191.80500, 0.00000, 0.06685, -0.14364, 0.98737, 6.14626, 0.03165, 0.01486
191.85500, 0.00000, 0.06685, -0.14364, 0.98737, 6.17000, 0.02456, 0.01156
191.90500, 0.00000, 0.06685, -0.14364, 0.98737, 6.19374, 0.01747, 0.00826
191.95500, 0.00000, 0.06685, -0.14364, 0.98737, 6.21748, 0.01038, 0.00496
192.00500, 0.00000, 0.06685, -0.14364, 0.98737, 6.24122, 0.00329, 0.00166
192.05500, 0.00000, 0.06685, -0.14364, 0.98737, 6.26496, -0.00380, -0.00164
192.10500, 0.00000, 0.06685, -0.14364, 0.98737, 6.28870, -0.01089, -0.00494
192.15500, 0.00000, 0.06685, -0.14364, 0.98737, 6.31244, -0.01798, -0.00824
192.20500, 0.00000, 0.06685, -0.14364, 0.98737, 6.33618, -0.02507, -0.01154
192.25500, 0.00000, 0.06685, -0.14364, 0.98737, 6.35992, -0.03216, -0.01484
192.30500, 0.00000, 0.06685, -0.14364, 0.98737, 6.38366, -0.03925, -0.01814
192.35500, 0.00000, 0.06685, -0.14364, 0.98737, 6.40740, -0.04634, -0.02144
192.40500, 0.00000, 0.06685, -0.14364, 0.98737, 6.43114, -0.05343, -0.02474
192.45500, 0.00000, 0.06685, -0.14364, 0.98737, 6.45489, -0.06052, -0.02804
192.50500, 0.00000, 0.06685, -0.14364, 0.98737, 6.47863, -0.06761, -0.03134
192.55500, 0.00000, 0.06685, -0.14364, 0.98737, 6.50237, -0.07470, -0.03463
192.60500, 0.00000, 0.06685, -0.14364, 0.98737, 6.52611, -0.08179, -0.03793
192.65500, 0.00000, 0.06685, -0.14364, 0.98737, 6.54985, -0.08888, -0.04123
192.70500, 0.00000, 0.06685, -0.14364, 0.98737, 6.57359, -0.09597, -0.04453
192.75500, 0.00000, 0.06685, -0.14364, 0.98737, 6.59733, -0.10306, -0.04783
192.80500, 0.00000, 0.06685, -0.14364, 0.98737, 6.62107, -0.11015, -0.05113
192.85500, 0.00000, 0.06685, -0.14364, 0.98737, 6.64481, -0.11724, -0.05443
192.90500, 0.00000, 0.06685, -0.14364, 0.98737, 6.66855, -0.12433, -0.05773
192.95500, 0.00000, 0.06685, -0.14364, 0.98737, 6.69229, -0.13142, -0.06103
193.00500, 0.00000, 0.06685, -0.14364, 0.98737, 6.71603, -0.13851, -0.06433
193.05500, 0.00000, 0.06685, -0.14364, 0.98737, 6.73977, -0.14561, -0.06763
193.10500, 0.00000, 0.06685, -0.14364, 0.98737, 6.76351, -0.15270, -0.07093
193.15500, 0.00000, 0.06685, -0.14364, 0.98737, 6.78725, -0.15979, -0.07423
193.20500, 0.00000, 0.06685, -0.14364, 0.98737, 6.81099, -0.16688, -0.07753
193.25500, 0.00000, 0.06685, -0.14364, 0.98737, 6.83473, -0.17397, -0.08083
193.30500, 0.00000, 0.06685, -0.14364, 0.98737, 6.85847, -0.18106, -0.08413
193.35500, 0.00000, 0.06685, -0.14364, 0.98737, 6.88221, -0.18815, -0.08743
193.40500, 0.00000, 0.06685, -0.14364, 0.98737, 6.90596, -0.19524, -0.09073
193.45500, 0.00000, 0.06685, -0.14364, 0.98737, 6.92970, -0.20233, -0.09403
193.50500, 0.00000, 0.06685, -0.14364, 0.98737, 6.95344, -0.20942, -0.09733
193.55500, 0.00000, 0.06685, -0.14364, 0.98737, 6.97718, -0.21651, -0.10063
193.60500, 0.00000, 0.06685, -0.14364, 0.98737, 7.00092, -0.22360, -0.10392
193.65500, 0.00000, 0.06685, -0.14364, 0.98737, 7.02466, -0.23069, -0.10722
193.70500, 0.00000, 0.06685, -0.14364, 0.98737, 7.04840, -0.23778, -0.11052
193.75500, 0.00000, 0.06685, -0.14364, 0.98737, 7.07214, -0.24487, -0.11382
193.80500, 0.00000, 0.06685, -0.14364, 0.98737, 7.09588, -0.25196, -0.11712
193.85500, 0.00000, 0.06685, -0.14364, 0.98737, 7.11962, -0.25905, -0.12042
193.90500, 0.00000, 0.06685, -0.14364, 0.98737, 7.14336, -0.26614, -0.12372
193.95500, 0.00000, 0.06685, -0.14364, 0.98737, 7.16710, -0.27323, -0.12702
194.00500, 0.00000, 0.06685, -0.14364, 0.98737, 7.19084, -0.28032, -0.13032
194.05500, 0.00000, 0.06685, -0.14364, 0.98737, 7.21458, -0.28741, -0.13362
194.10500, 0.00000, 0.06685, -0.14364, 0.98737, 7.23832, -0.29450, -0.13692
194.15500, 0.00000, 0.06685, -0.14364, 0.98737, 7.26206, -0.30159, -0.14022
194.20500, 0.00000, 0.06685, -0.14364, 0.98737, 7.28580, -0.30868, -0.14352
194.25500, 0.00000, 0.06685, -0.14364, 0.98737, 7.30955, -0.31577, -0.14682
194.30500, 0.00000, 0.06685, -0.14364, 0.98737, 7.33329, -0.32286, -0.15012
194.35500, 0.00001, 0.06828, -0.14664, 0.98683, 7.35845, -0.32891, -0.15294
194.40500, 0.00001, 0.07115, -0.15282, 0.98569, 7.38620, -0.33438, -0.15549
194.45500, 0.00001, 0.07552, -0.16221, 0.98386, 7.41593, -0.33929, -0.15777
194.50500, 0.00001, 0.08129, -0.17461, 0.98128, 7.44807, -0.34415, -0.16003
194.55500, 0.00001, 0.08726, -0.18745, 0.97839, 7.48077, -0.34984, -0.16268
194.60500, 0.00001, 0.09321, -0.20024, 0.97530, 7.51330, -0.35637, -0.16572
194.65500, 0.00001, 0.09977, -0.21433, 0.97165, 7.54661, -0.36346, -0.16901
194.70500, 0.00001, 0.10647, -0.22872, 0.96765, 7.58001, -0.37145, -0.17274
194.75500, 0.00001, 0.11335, -0.24350, 0.96325, 7.61346, -0.38033, -0.17687
194.80500, 0.00001, 0.12024, -0.25831, 0.95855, 7.64671, -0.39020, -0.18146
194.85500, 0.00001, 0.12710, -0.27305, 0.95357, 7.67961, -0.40106, -0.18651
194.90500, 0.00001, 0.13391, -0.28769, 0.94832, 7.71210, -0.41289, -0.19202
194.95500, 0.00001, 0.14062, -0.30208, 0.94285, 7.74391, -0.42561, -0.19794
195.00500, 0.00002, 0.14716, -0.31615, 0.93723, 7.77489, -0.43914, -0.20423
195.05500, 0.00002, 0.15345, -0.32968, 0.93154, 7.80467, -0.45331, -0.21082
195.10500, 0.00001, 0.15906, -0.34174, 0.92624, 7.83187, -0.46758, -0.21747
195.15500, 0.00001, 0.16386, -0.35204, 0.92153, 7.85620, -0.48159, -0.22399
195.20500, 0.00001, 0.16789, -0.36070, 0.91745, 7.87788, -0.49519, -0.23031
195.25500, 0.00002, 0.17119, -0.36779, 0.91402, 7.89705, -0.50824, -0.23639
195.30500, 0.00002, 0.17378, -0.37336, 0.91126, 7.91384, -0.52064, -0.24216
195.35500, 0.00002, 0.17569, -0.37747, 0.90920, 7.92839, -0.53228, -0.24758
195.40500, 0.00002, 0.17686, -0.37997, 0.90793, 7.94056, -0.54301, -0.25257
195.45500, 0.00002, 0.17725, -0.38083, 0.90750, 7.95034, -0.55275, -0.25710
195.50500, 0.00002, 0.17741, -0.38116, 0.90733, 7.95937, -0.56217, -0.26148
195.55500, 0.00002, 0.17756, -0.38149, 0.90716, 7.96840, -0.57158, -0.26587
195.60500, 0.00002, 0.17771, -0.38181, 0.90699, 7.97741, -0.58101, -0.27026
195.65500, 0.00002, 0.17786, -0.38214, 0.90683, 7.98642, -0.59044, -0.27464
195.70500, 0.00002, 0.17801, -0.38246, 0.90666, 7.99541, -0.59988, -0.27904
195.75500, 0.00002, 0.17816, -0.38278, 0.90650, 8.00440, -0.60933, -0.28343
195.80500, 0.00002, 0.17831, -0.38311, 0.90633, 8.01338, -0.61878, -0.28783
195.85500, 0.00002, 0.17846, -0.38343, 0.90616, 8.02235, -0.62823, -0.29223
195.90500, 0.00002, 0.17861, -0.38375, 0.90600, 8.03131, -0.63770, -0.29664
195.95500, 0.00002, 0.17876, -0.38408, 0.90583, 8.04027, -0.64717, -0.30104
196.00500, 0.00002, 0.17892, -0.38440, 0.90566, 8.04922, -0.65664, -0.30545
196.05500, 0.00002, 0.17907, -0.38473, 0.90549, 8.05816, -0.66613, -0.30987
196.10500, 0.00002, 0.17922, -0.38505, 0.90533, 8.06709, -0.67562, -0.31429
196.15500, 0.00002, 0.17937, -0.38538, 0.90516, 8.07602, -0.68512, -0.31871
196.20500, 0.00002, 0.17952, -0.38571, 0.90499, 8.08494, -0.69462, -0.32313
196.25500, 0.00002, 0.17967, -0.38603, 0.90482, 8.09385, -0.70414, -0.32756
196.30500, 0.00002, 0.17983, -0.38636, 0.90465, 8.10276, -0.71366, -0.33199
196.35500, 0.00002, 0.17989, -0.38649, 0.90458, 8.11239, -0.72417, -0.33688
196.40500, 0.00002, 0.17989, -0.38649, 0.90458, 8.12217, -0.73492, -0.34189
196.45500, 0.00002, 0.17990, -0.38650, 0.90458, 8.13211, -0.74585, -0.34697
196.50500, 0.00002, 0.17990, -0.38652, 0.90457, 8.14223, -0.75697, -0.35215
196.55500, 0.00002, 0.18006, -0.38685, 0.90439, 8.15221, -0.76768, -0.35713
196.60500, 0.00002, 0.18024, -0.38724, 0.90419, 8.16177, -0.77792, -0.36190
196.65500, 0.00002, 0.18054, -0.38789, 0.90385, 8.17080, -0.78738, -0.36630
196.70500, 0.00002, 0.18072, -0.38827, 0.90365, 8.17930, -0.79651, -0.37055
196.75500, 0.00002, 0.18090, -0.38867, 0.90344, 8.18766, -0.80547, -0.37472
196.80500, 0.00002, 0.18109, -0.38906, 0.90324, 8.19598, -0.81442, -0.37889
196.85500, 0.00002, 0.18127, -0.38946, 0.90303, 8.20415, -0.82322, -0.38298
196.90500, 0.00002, 0.18145, -0.38985, 0.90282, 8.21228, -0.83199, -0.38707
196.95500, 0.00002, 0.18173, -0.39044, 0.90251, 8.21993, -0.84009, -0.39083
197.00500, 0.00002, 0.18191, -0.39083, 0.90231, 8.22718, -0.84793, -0.39448
197.05500, 0.00002, 0.18221, -0.39147, 0.90197, 8.23392, -0.85499, -0.39777
197.10500, 0.00002, 0.18239, -0.39186, 0.90177, 8.24013, -0.86170, -0.40089
197.15500, 0.00002, 0.18270, -0.39253, 0.90141, 8.24543, -0.86713, -0.40342
197.20500, 0.00002, 0.18289, -0.39294, 0.90119, 8.24972, -0.87169, -0.40554
197.25500, 0.00001, 0.18290, -0.39298, 0.90117, 8.25208, -0.87428, -0.40674
197.30500, 0.00001, 0.18289, -0.39297, 0.90118, 8.25207, -0.87426, -0.40673
197.35500, 0.00001, 0.18288, -0.39296, 0.90119, 8.25206, -0.87425, -0.40673
197.40500, 0.00001, 0.18288, -0.39295, 0.90119, 8.25206, -0.87425, -0.40672
197.45500, 0.00001, 0.18288, -0.39295, 0.90119, 8.25206, -0.87425, -0.40672
197.50500, 0.00001, 0.18288, -0.39295, 0.90119, 8.25206, -0.87424, -0.40672
197.55500, 0.00001, 0.18288, -0.39295, 0.90119, 8.25206, -0.87424, -0.40672
197.60500, 0.00001, 0.18288, -0.39295, 0.90119, 8.25205, -0.87424, -0.40672
197.65500, 0.00001, 0.18288, -0.39295, 0.90119, 8.25205, -0.87424, -0.40672
197.70500, 0.00001, 0.18288, -0.39295, 0.90119, 8.25205, -0.87424, -0.40672
197.75500, 0.00001, 0.18288, -0.39295, 0.90119, 8.25205, -0.87424, -0.40672
197.80500, 0.00001, 0.18288, -0.39295, 0.90119, 8.25205, -0.87423, -0.40672
197.85500, 0.00001, 0.18288, -0.39295, 0.90119, 8.25205, -0.87423, -0.40671
197.90500, 0.00001, 0.18288, -0.39295, 0.90119, 8.25205, -0.87423, -0.40671
197.95500, 0.00001, 0.18288, -0.39295, 0.90119, 8.25204, -0.87423, -0.40671
198.00500, 0.00001, 0.18288, -0.39295, 0.90119, 8.25204, -0.87423, -0.40671
198.05500, 0.00001, 0.18288, -0.39295, 0.90119, 8.25204, -0.87423, -0.40671
198.10500, 0.00001, 0.18288, -0.39295, 0.90119, 8.25204, -0.87422, -0.40671
198.15500, 0.00001, 0.18288, -0.39295, 0.90119, 8.25204, -0.87422, -0.40671
198.20500, 0.00001, 0.18288, -0.39295, 0.90119, 8.25204, -0.87422, -0.40671
198.25500, 0.00001, 0.18288, -0.39295, 0.90119, 8.25204, -0.87422, -0.40671
198.30500, 0.00001, 0.18288, -0.39295, 0.90119, 8.25203, -0.87422, -0.40671
198.35500, 0.00001, 0.18288, -0.39295, 0.90119, 8.25203, -0.87422, -0.40671
198.40500, 0.00001, 0.18288, -0.39295, 0.90119, 8.25203, -0.87421, -0.40671
198.45500, 0.00001, 0.18288, -0.39295, 0.90119, 8.25203, -0.87421, -0.40670
