686.70500, 0.00000, 0.00000, 0.00000, 1.00000, 0.00000, 0.00000, 0.00000
686.75500, -0.00000, -0.00000, 0.00000, 1.00000, 0.00000, -0.00000, -0.00000
686.80500, -0.00000, -0.00000, 0.00000, 1.00000, 0.00000, -0.00000, -0.00000
686.85500, -0.00000, -0.00000, 0.00000, 1.00000, 0.00000, -0.00000, -0.00000
686.90500, -0.00000, -0.00000, 0.00000, 1.00000, 0.00000, -0.00000, -0.00000
686.95500, -0.00000, -0.00000, 0.00000, 1.00000, 0.00000, -0.00000, -0.00000
687.00500, -0.00000, -0.00000, 0.00000, 1.00000, 0.00001, -0.00000, -0.00000
687.05500, -0.00000, -0.00000, 0.00000, 1.00000, 0.00001, -0.00000, -0.00000
687.10500, -0.00000, -0.00000, 0.00000, 1.00000, 0.00001, -0.00000, -0.00000
687.15500, -0.00000, -0.00000, 0.00000, 1.00000, 0.00001, -0.00000, -0.00000
687.20500, -0.00000, -0.00000, 0.00000, 1.00000, 0.00001, -0.00000, -0.00000
687.25500, -0.00000, -0.00000, 0.00000, 1.00000, 0.00001, -0.00000, -0.00000
687.30500, -0.00000, -0.00000, 0.00000, 1.00000, 0.00001, -0.00000, -0.00000
687.35500, -0.00000, -0.00000, 0.00000, 1.00000, 0.00001, -0.00000, -0.00000
687.40500, -0.00000, -0.00000, 0.00000, 1.00000, 0.00001, -0.00000, -0.00000
687.45500, -0.00000, -0.00000, 0.00000, 1.00000, 0.00001, -0.00000, -0.00000
687.50500, -0.00000, -0.00000, 0.00000, 1.00000, 0.00001, -0.00000, -0.00000
687.55500, -0.00000, -0.00000, 0.00000, 1.00000, 0.00002, -0.00000, -0.00000
687.60500, -0.00000, -0.00000, 0.00000, 1.00000, 0.00002, -0.00000, -0.00000
687.65500, -0.00000, -0.00000, 0.00000, 1.00000, 0.00002, -0.00000, -0.00000
687.70500, -0.00000, -0.00000, 0.00000, 1.00000, 0.00002, -0.00000, -0.00000
687.75500, -0.00000, -0.00000, 0.00000, 1.00000, 0.00002, -0.00000, -0.00000
687.80500, -0.00000, -0.00000, 0.00000, 1.00000, 0.00002, -0.00000, -0.00000
687.85500, -0.00000, -0.00000, 0.00000, 1.00000, 0.00002, -0.00000, -0.00000
687.90500, -0.00000, -0.00000, 0.00000, 1.00000, 0.00002, -0.00000, -0.00000
687.95500, -0.00000, -0.00000, 0.00000, 1.00000, 0.00002, -0.00000, -0.00000
688.00500, -0.00000, -0.00000, 0.00000, 1.00000, 0.00002, -0.00000, -0.00000
688.05500, -0.00000, -0.00000, 0.00000, 1.00000, 0.00002, -0.00000, -0.00000
688.10500, -0.00000, -0.00000, 0.00000, 1.00000, 0.00003, -0.00000, -0.00000
688.15500, -0.00000, -0.00000, 0.00000, 1.00000, 0.00003, -0.00000, -0.00000
688.20500, 0.00001, -0.00210, 0.00454, 0.99999, 0.00063, 0.00229, 0.00106
688.25500, 0.00002, -0.00675, 0.01453, 0.99987, 0.00460, 0.00749, 0.00348
688.30500, 0.00003, -0.01157, 0.02490, 0.99962, 0.01545, 0.01327, 0.00618
688.35500, 0.00002, -0.01598, 0.03442, 0.99928, 0.03355, 0.01933, 0.00899
688.40500, -0.00002, -0.01919, 0.04151, 0.99895, 0.05557, 0.02445, 0.01130
688.45500, -0.00001, -0.02267, 0.04870, 0.99856, 0.07480, 0.02977, 0.01385
688.50500, -0.00001, -0.02524, 0.05424, 0.99821, 0.08942, 0.03398, 0.01581
688.55500, -0.00001, -0.02755, 0.05920, 0.99787, 0.09650, 0.03721, 0.01731
688.60500, -0.00001, -0.02927, 0.06289, 0.99759, 0.09722, 0.03914, 0.01822
688.65500, 0.00003, -0.03067, 0.06593, 0.99735, 0.09737, 0.04064, 0.01891
688.70500, 0.00002, -0.03502, 0.07526, 0.99655, 0.09988, 0.04597, 0.02140
688.75500, 0.00002, -0.03985, 0.08563, 0.99553, 0.10821, 0.05288, 0.02461
688.80500, 0.00002, -0.04453, 0.09570, 0.99441, 0.12357, 0.06115, 0.02846
688.85500, 0.00000, -0.04780, 0.10288, 0.99354, 0.14433, 0.06927, 0.03220
688.90500, -0.00008, -0.05044, 0.10854, 0.99281, 0.16518, 0.07634, 0.03545
688.95500, -0.00001, -0.05276, 0.11336, 0.99215, 0.18033, 0.08202, 0.03818
689.00500, -0.00000, -0.05450, 0.11709, 0.99162, 0.18831, 0.08568, 0.03988
689.05500, -0.00000, -0.05542, 0.11907, 0.99134, 0.18955, 0.08695, 0.04047
689.10500, 0.00002, -0.05626, 0.12090, 0.99107, 0.18956, 0.08783, 0.04088
689.15500, 0.00002, -0.06040, 0.12979, 0.98970, 0.19075, 0.09296, 0.04327
689.20500, 0.00002, -0.06512, 0.13994, 0.98802, 0.19736, 0.10033, 0.04670
689.25500, 0.00002, -0.06974, 0.14988, 0.98624, 0.21096, 0.10993, 0.05117
689.30500, 0.00000, -0.07279, 0.15657, 0.98498, 0.23112, 0.12023, 0.05592
689.35500, -0.00007, -0.07501, 0.16147, 0.98402, 0.25273, 0.12944, 0.06014
689.40500, -0.00000, -0.07741, 0.16632, 0.98303, 0.26763, 0.13697, 0.06375
689.45500, -0.00000, -0.07910, 0.16995, 0.98227, 0.27605, 0.14171, 0.06596
689.50500, -0.00000, -0.07987, 0.17160, 0.98192, 0.27779, 0.14317, 0.06664
689.55500, 0.00001, -0.07994, 0.17174, 0.98189, 0.27778, 0.14322, 0.06666
689.60500, 0.00002, -0.08285, 0.17804, 0.98053, 0.27778, 0.14675, 0.06830
689.65500, 0.00002, -0.08725, 0.18748, 0.97839, 0.28149, 0.15356, 0.07147
689.70500, 0.00002, -0.09194, 0.19756, 0.97597, 0.29089, 0.16326, 0.07599
689.75500, 0.00002, -0.09579, 0.20587, 0.97388, 0.30703, 0.17526, 0.08157
689.80500, -0.00005, -0.09772, 0.21032, 0.97274, 0.32887, 0.18775, 0.08728
689.85500, -0.00009, -0.09992, 0.21481, 0.97153, 0.34562, 0.19742, 0.09182
689.90500, -0.00000, -0.10204, 0.21923, 0.97032, 0.35596, 0.20468, 0.09526
689.95500, -0.00000, -0.10317, 0.22167, 0.96965, 0.35994, 0.20796, 0.09679
690.00500, 0.00000, -0.10331, 0.22197, 0.96956, 0.35996, 0.20813, 0.09687
690.05500, 0.00002, -0.10467, 0.22490, 0.96874, 0.35970, 0.20966, 0.09758
690.10500, 0.00002, -0.10846, 0.23307, 0.96639, 0.36171, 0.21568, 0.10038
690.15500, 0.00002, -0.11282, 0.24243, 0.96359, 0.36824, 0.22491, 0.10468
690.20500, 0.00002, -0.11722, 0.25190, 0.96063, 0.38013, 0.23753, 0.11056
690.25500, -0.00001, -0.11980, 0.25756, 0.95881, 0.39853, 0.25181, 0.11716
690.30500, -0.00006, -0.12153, 0.26136, 0.95756, 0.41746, 0.26461, 0.12307
690.35500, -0.00001, -0.12349, 0.26533, 0.95622, 0.42927, 0.27402, 0.12753
690.40500, -0.00000, -0.12499, 0.26855, 0.95512, 0.43513, 0.27971, 0.13019
690.45500, -0.00000, -0.12545, 0.26953, 0.95478, 0.43583, 0.28079, 0.13069
690.50500, 0.00002, -0.12634, 0.27146, 0.95412, 0.43556, 0.28173, 0.13112
690.55500, 0.00002, -0.12979, 0.27889, 0.95151, 0.43678, 0.28746, 0.13379
690.60500, 0.00002, -0.13388, 0.28768, 0.94832, 0.44199, 0.29684, 0.13816
690.65500, 0.00001, -0.13828, 0.29713, 0.94477, 0.45161, 0.31007, 0.14432
690.70500, 0.00000, -0.14108, 0.30322, 0.94242, 0.46744, 0.32581, 0.15162
690.75500, -0.00006, -0.14260, 0.30666, 0.94107, 0.48589, 0.34113, 0.15869
690.80500, -0.00003, -0.14410, 0.30967, 0.93986, 0.49761, 0.35181, 0.16371
690.85500, -0.00000, -0.14536, 0.31233, 0.93879, 0.50366, 0.35830, 0.16676
690.90500, -0.00000, -0.14575, 0.31316, 0.93845, 0.50478, 0.35977, 0.16745
690.95500, 0.00002, -0.14591, 0.31352, 0.93830, 0.50473, 0.35990, 0.16750
691.00500, 0.00002, -0.14865, 0.31942, 0.93588, 0.50453, 0.36398, 0.16940
691.05500, 0.00002, -0.15243, 0.32754, 0.93246, 0.50750, 0.37235, 0.17330
691.10500, 0.00002, -0.15675, 0.33681, 0.92843, 0.51402, 0.38484, 0.17911
691.15500, 0.00001, -0.16027, 0.34440, 0.92504, 0.52571, 0.40102, 0.18665
691.20500, -0.00005, -0.16180, 0.34787, 0.92348, 0.54300, 0.41920, 0.19504
691.25500, -0.00004, -0.16309, 0.35057, 0.92223, 0.55607, 0.43240, 0.20120
691.30500, -0.00002, -0.16367, 0.35176, 0.92167, 0.56382, 0.44044, 0.20496
691.35500, -0.00002, -0.16366, 0.35173, 0.92168, 0.56674, 0.44312, 0.20621
691.40500, -0.00002, -0.16365, 0.35171, 0.92169, 0.56675, 0.44311, 0.20621
691.45500, 0.00002, -0.16528, 0.35514, 0.92009, 0.56626, 0.44514, 0.20718
691.50500, 0.00002, -0.16870, 0.36251, 0.91659, 0.56747, 0.45233, 0.21052
691.55500, 0.00002, -0.17274, 0.37117, 0.91236, 0.57164, 0.46371, 0.21582
691.60500, 0.00001, -0.17674, 0.37979, 0.90803, 0.57967, 0.47950, 0.22317
691.65500, -0.00000, -0.17892, 0.38455, 0.90560, 0.59345, 0.49836, 0.23193
691.70500, -0.00005, -0.17996, 0.38686, 0.90441, 0.60792, 0.51542, 0.23984
691.75500, -0.00004, -0.18027, 0.38749, 0.90408, 0.61686, 0.52608, 0.24481
691.80500, -0.00003, -0.18024, 0.38741, 0.90412, 0.62127, 0.53085, 0.24703
691.85500, -0.00003, -0.18023, 0.38736, 0.90414, 0.62170, 0.53128, 0.24724
691.90500, 0.00002, -0.18136, 0.38971, 0.90291, 0.62130, 0.53265, 0.24790
691.95500, 0.00001, -0.18448, 0.39641, 0.89935, 0.62193, 0.53946, 0.25108
692.00500, 0.00001, -0.18824, 0.40448, 0.89496, 0.62503, 0.55066, 0.25629
692.05500, 0.00001, -0.19226, 0.41313, 0.89015, 0.63102, 0.56645, 0.26364
692.10500, 0.00001, -0.19469, 0.41837, 0.88716, 0.64219, 0.58580, 0.27264
692.15500, -0.00005, -0.19551, 0.42026, 0.88609, 0.65593, 0.60523, 0.28163
692.20500, -0.00005, -0.19568, 0.42061, 0.88589, 0.66463, 0.61769, 0.28744
692.25500, -0.00004, -0.19566, 0.42054, 0.88593, 0.66917, 0.62355, 0.29017
692.30500, -0.00003, -0.19564, 0.42048, 0.88596, 0.66985, 0.62438, 0.29056
692.35500, -0.00001, -0.19588, 0.42102, 0.88565, 0.66975, 0.62461, 0.29068
692.40500, 0.00001, -0.19844, 0.42641, 0.88250, 0.66930, 0.62931, 0.29290
692.45500, 0.00001, -0.20187, 0.43377, 0.87812, 0.67060, 0.63889, 0.29735
692.50500, 0.00001, -0.20587, 0.44236, 0.87289, 0.67394, 0.65313, 0.30398
692.55500, 0.00001, -0.20901, 0.44913, 0.86868, 0.68120, 0.67176, 0.31265
692.60500, -0.00004, -0.21018, 0.45172, 0.86705, 0.69335, 0.69353, 0.32274
692.65500, -0.00005, -0.21042, 0.45228, 0.86670, 0.70273, 0.70991, 0.33036
692.70500, -0.00004, -0.21043, 0.45228, 0.86670, 0.70820, 0.71874, 0.33448
692.75500, -0.00004, -0.21041, 0.45222, 0.86673, 0.70993, 0.72138, 0.33571
692.80500, -0.00003, -0.21040, 0.45218, 0.86676, 0.70995, 0.72137, 0.33571
692.85500, 0.00001, -0.21195, 0.45544, 0.86467, 0.70927, 0.72377, 0.33686
692.90500, 0.00001, -0.21516, 0.46233, 0.86020, 0.70901, 0.73116, 0.34030
692.95500, 0.00001, -0.21903, 0.47065, 0.85470, 0.71000, 0.74321, 0.34591
693.00500, 0.00001, -0.22277, 0.47868, 0.84926, 0.71363, 0.76045, 0.35393
693.05500, 0.00001, -0.22488, 0.48324, 0.84612, 0.72177, 0.78157, 0.36376
693.10500, -0.00004, -0.22511, 0.48381, 0.84573, 0.73166, 0.80228, 0.37336
693.15500, -0.00004, -0.22513, 0.48383, 0.84571, 0.73761, 0.81513, 0.37934
693.20500, -0.00004, -0.22513, 0.48382, 0.84571, 0.74036, 0.82044, 0.38181
693.25500, -0.00003, -0.22512, 0.48378, 0.84574, 0.74057, 0.82079, 0.38198
693.30500, 0.00001, -0.22619, 0.48603, 0.84416, 0.73992, 0.82237, 0.38275
693.35500, 0.00001, -0.22919, 0.49247, 0.83961, 0.73883, 0.82906, 0.38586
693.40500, 0.00001, -0.23295, 0.50056, 0.83377, 0.73854, 0.84009, 0.39099
693.45500, 0.00001, -0.23678, 0.50879, 0.82769, 0.74027, 0.85651, 0.39864
693.50500, 0.00001, -0.23913, 0.51386, 0.82387, 0.74575, 0.87741, 0.40836
693.55500, -0.00004, -0.23948, 0.51467, 0.82327, 0.75421, 0.89984, 0.41877
693.60500, -0.00004, -0.23949, 0.51467, 0.82326, 0.75955, 0.91461, 0.42564
693.65500, -0.00004, -0.23949, 0.51467, 0.82326, 0.76222, 0.92164, 0.42892
693.70500, -0.00003, -0.23948, 0.51464, 0.82328, 0.76258, 0.92243, 0.42929
693.75500, -0.00000, -0.23966, 0.51506, 0.82297, 0.76244, 0.92259, 0.42938
693.80500, 0.00001, -0.24196, 0.51992, 0.81923, 0.76076, 0.92681, 0.43136
693.85500, 0.00001, -0.24527, 0.52704, 0.81368, 0.75927, 0.93566, 0.43548
693.90500, 0.00001, -0.24915, 0.53536, 0.80704, 0.75843, 0.94940, 0.44187
693.95500, 0.00001, -0.25223, 0.54200, 0.80163, 0.76022, 0.96847, 0.45075
694.00500, -0.00002, -0.25347, 0.54477, 0.79936, 0.76580, 0.99185, 0.46163
694.05500, -0.00003, -0.25343, 0.54461, 0.79948, 0.77136, 1.01113, 0.47057
694.10500, -0.00003, -0.25343, 0.54461, 0.79949, 0.77446, 1.02206, 0.47566
694.15500, -0.00003, -0.25342, 0.54459, 0.79950, 0.77549, 1.02532, 0.47718
694.20500, -0.00003, -0.25342, 0.54457, 0.79952, 0.77550, 1.02530, 0.47717
694.25500, 0.00001, -0.25499, 0.54791, 0.79673, 0.77393, 1.02768, 0.47830
694.30500, 0.00001, -0.25798, 0.55434, 0.79130, 0.77156, 1.03496, 0.48169
694.35500, 0.00001, -0.26160, 0.56211, 0.78460, 0.76931, 1.04693, 0.48726
694.40500, 0.00001, -0.26503, 0.56952, 0.77808, 0.76837, 1.06444, 0.49542
694.45500, 0.00000, -0.26695, 0.57371, 0.77433, 0.77052, 1.08676, 0.50581
694.50500, -0.00003, -0.26700, 0.57375, 0.77429, 0.77510, 1.10900, 0.51613
694.55500, -0.00003, -0.26700, 0.57375, 0.77429, 0.77778, 1.12223, 0.52228
694.60500, -0.00003, -0.26699, 0.57373, 0.77430, 0.77900, 1.12760, 0.52478
694.65500, -0.00002, -0.26699, 0.57372, 0.77432, 0.77907, 1.12790, 0.52492
694.70500, 0.00001, -0.26811, 0.57610, 0.77216, 0.77776, 1.12946, 0.52567
694.75500, 0.00001, -0.27089, 0.58207, 0.76669, 0.77474, 1.13594, 0.52869
694.80500, 0.00001, -0.27424, 0.58928, 0.75996, 0.77155, 1.14717, 0.53391
694.85500, 0.00001, -0.27769, 0.59676, 0.75284, 0.76871, 1.16372, 0.54163
694.90500, 0.00000, -0.27977, 0.60127, 0.74847, 0.76841, 1.18539, 0.55172
694.95500, -0.00003, -0.27996, 0.60158, 0.74815, 0.77108, 1.20889, 0.56262
695.00500, -0.00003, -0.27998, 0.60162, 0.74811, 0.77280, 1.22318, 0.56927
695.05500, -0.00003, -0.27997, 0.60161, 0.74812, 0.77367, 1.22970, 0.57230
695.10500, -0.00002, -0.27997, 0.60160, 0.74813, 0.77377, 1.23041, 0.57263
695.15500, 0.00000, -0.28014, 0.60200, 0.74774, 0.77357, 1.23054, 0.57271
695.20500, 0.00001, -0.28222, 0.60642, 0.74338, 0.77071, 1.23443, 0.57453
695.25500, 0.00001, -0.28508, 0.61257, 0.73722, 0.76700, 1.24323, 0.57862
695.30500, 0.00001, -0.28837, 0.61964, 0.72999, 0.76278, 1.25718, 0.58511
695.35500, 0.00000, -0.29096, 0.62535, 0.72407, 0.75965, 1.27665, 0.59420
695.40500, -0.00002, -0.29198, 0.62759, 0.72172, 0.75907, 1.30088, 0.60548
695.45500, -0.00002, -0.29186, 0.62714, 0.72216, 0.76018, 1.32083, 0.61472
695.50500, -0.00003, -0.29185, 0.62712, 0.72218, 0.76067, 1.33121, 0.61955
695.55500, -0.00002, -0.29185, 0.62712, 0.72218, 0.76083, 1.33450, 0.62108
695.60500, -0.00002, -0.29185, 0.62711, 0.72219, 0.76083, 1.33448, 0.62107
695.65500, 0.00001, -0.29302, 0.62964, 0.71951, 0.75900, 1.33637, 0.62197
695.70500, 0.00001, -0.29543, 0.63480, 0.71397, 0.75515, 1.34353, 0.62530
695.75500, 0.00001, -0.29817, 0.64069, 0.70754, 0.75062, 1.35614, 0.63117
695.80500, -0.00000, -0.30077, 0.64643, 0.70119, 0.74591, 1.37455, 0.63976
695.85500, -0.00001, -0.30209, 0.64927, 0.69799, 0.74304, 1.39833, 0.65083
695.90500, -0.00002, -0.30195, 0.64880, 0.69849, 0.74265, 1.42251, 0.66204
695.95500, -0.00002, -0.30197, 0.64886, 0.69843, 0.74226, 1.43732, 0.66894
696.00500, -0.00002, -0.30196, 0.64885, 0.69843, 0.74211, 1.44350, 0.67181
696.05500, -0.00002, -0.30197, 0.64884, 0.69844, 0.74210, 1.44399, 0.67204
696.10500, 0.00001, -0.30293, 0.65093, 0.69608, 0.74041, 1.44567, 0.67284
696.15500, 0.00001, -0.30506, 0.65549, 0.69085, 0.73634, 1.45303, 0.67627
696.20500, 0.00000, -0.30743, 0.66060, 0.68490, 0.73133, 1.46605, 0.68233
696.25500, -0.00000, -0.30974, 0.66567, 0.67892, 0.72566, 1.48489, 0.69111
696.30500, -0.00001, -0.31080, 0.66798, 0.67616, 0.72147, 1.50937, 0.70250
696.35500, -0.00002, -0.31064, 0.66746, 0.67676, 0.71959, 1.53439, 0.71412
696.40500, -0.00002, -0.31065, 0.66750, 0.67671, 0.71834, 1.55031, 0.72153
696.45500, -0.00002, -0.31065, 0.66750, 0.67672, 0.71775, 1.55735, 0.72480
696.50500, -0.00002, -0.31065, 0.66749, 0.67672, 0.71769, 1.55801, 0.72511
696.55500, 0.00001, -0.31082, 0.66788, 0.67626, 0.71741, 1.55815, 0.72519
696.60500, 0.00000, -0.31251, 0.67150, 0.67188, 0.71389, 1.56243, 0.72718
696.65500, 0.00000, -0.31464, 0.67608, 0.66627, 0.70877, 1.57242, 0.73183
696.70500, 0.00000, -0.31696, 0.68108, 0.66005, 0.70229, 1.58818, 0.73917
696.75500, -0.00001, -0.31858, 0.68467, 0.65555, 0.69590, 1.60991, 0.74930
696.80500, -0.00002, -0.31884, 0.68522, 0.65484, 0.69115, 1.63635, 0.76160
696.85500, -0.00001, -0.31873, 0.68484, 0.65529, 0.68868, 1.65747, 0.77141
696.90500, -0.00001, -0.31873, 0.68484, 0.65529, 0.68713, 1.67027, 0.77736
696.95500, -0.00001, -0.31873, 0.68484, 0.65529, 0.68664, 1.67487, 0.77950
697.00500, -0.00001, -0.31873, 0.68484, 0.65529, 0.68664, 1.67488, 0.77951
697.05500, 0.00000, -0.31974, 0.68705, 0.65247, 0.68444, 1.67685, 0.78043
697.10500, 0.00000, -0.32167, 0.69120, 0.64713, 0.67937, 1.68449, 0.78399
697.15500, 0.00000, -0.32378, 0.69573, 0.64119, 0.67266, 1.69790, 0.79023
697.20500, -0.00001, -0.32569, 0.69995, 0.63560, 0.66478, 1.71729, 0.79928
697.25500, -0.00001, -0.32641, 0.70146, 0.63357, 0.65782, 1.74244, 0.81097
697.30500, -0.00001, -0.32621, 0.70091, 0.63428, 0.65329, 1.76692, 0.82235
697.35500, -0.00001, -0.32621, 0.70091, 0.63427, 0.65055, 1.78353, 0.83008
697.40500, -0.00001, -0.32621, 0.70091, 0.63428, 0.64929, 1.79248, 0.83425
697.45500, -0.00001, -0.32621, 0.70090, 0.63429, 0.64920, 1.79412, 0.83501
697.50500, 0.00000, -0.32701, 0.70266, 0.63193, 0.64733, 1.79558, 0.83569
697.55500, 0.00000, -0.32882, 0.70656, 0.62662, 0.64200, 1.80252, 0.83892
697.60500, 0.00000, -0.33079, 0.71079, 0.62077, 0.63474, 1.81525, 0.84485
697.65500, -0.00001, -0.33263, 0.71487, 0.61508, 0.62582, 1.83397, 0.85358
697.70500, -0.00001, -0.33336, 0.71639, 0.61291, 0.61739, 1.85861, 0.86503
697.75500, -0.00001, -0.33315, 0.71582, 0.61368, 0.61116, 1.88357, 0.87664
697.80500, -0.00001, -0.33315, 0.71582, 0.61368, 0.60752, 1.90079, 0.88465
697.85500, -0.00001, -0.33315, 0.71582, 0.61369, 0.60574, 1.91061, 0.88923
697.90500, -0.00000, -0.33314, 0.71580, 0.61372, 0.60555, 1.91309, 0.89038
697.95500, 0.00000, -0.33342, 0.71643, 0.61283, 0.60493, 1.91342, 0.89054
698.00500, 0.00000, -0.33504, 0.71992, 0.60783, 0.60018, 1.91797, 0.89266
698.05500, 0.00000, -0.33691, 0.72393, 0.60201, 0.59305, 1.92823, 0.89743
698.10500, -0.00000, -0.33885, 0.72814, 0.59581, 0.58362, 1.94435, 0.90494
698.15500, -0.00001, -0.33990, 0.73046, 0.59236, 0.57361, 1.96677, 0.91538
698.20500, -0.00001, -0.33989, 0.73031, 0.59256, 0.56470, 1.99275, 0.92746
698.25500, -0.00000, -0.33978, 0.73006, 0.59292, 0.55949, 2.01254, 0.93667
698.30500, -0.00000, -0.33978, 0.73006, 0.59293, 0.55655, 2.02496, 0.94245
698.35500, -0.00000, -0.33977, 0.73004, 0.59296, 0.55580, 2.03015, 0.94486
698.40500, -0.00000, -0.33977, 0.73003, 0.59297, 0.55581, 2.03035, 0.94495
698.45500, 0.00000, -0.34088, 0.73248, 0.58930, 0.55278, 2.03214, 0.94579
698.50500, 0.00000, -0.34273, 0.73645, 0.58325, 0.54617, 2.03908, 0.94902
698.55500, 0.00000, -0.34466, 0.74058, 0.57684, 0.53700, 2.05188, 0.95498
698.60500, -0.00002, -0.34619, 0.74401, 0.57149, 0.52578, 2.07093, 0.96386
698.65500, -0.00001, -0.34663, 0.74489, 0.57007, 0.51457, 2.09574, 0.97540
698.70500, -0.00000, -0.34640, 0.74429, 0.57100, 0.50657, 2.11857, 0.98601
698.75500, -0.00000, -0.34638, 0.74425, 0.57106, 0.50197, 2.13368, 0.99305
698.80500, -0.00000, -0.34638, 0.74424, 0.57108, 0.49998, 2.14149, 0.99668
698.85500, -0.00000, -0.34637, 0.74421, 0.57112, 0.49990, 2.14271, 0.99725
698.90500, 0.00000, -0.34715, 0.74593, 0.56839, 0.49788, 2.14375, 0.99773
698.95500, 0.00000, -0.34886, 0.74960, 0.56249, 0.49139, 2.14960, 1.00046
699.00500, 0.00000, -0.35065, 0.75346, 0.55619, 0.48203, 2.16116, 1.00584
699.05500, -0.00002, -0.35223, 0.75699, 0.55036, 0.46998, 2.17873, 1.01403
699.10500, -0.00001, -0.35279, 0.75811, 0.54846, 0.45737, 2.20234, 1.02501
699.15500, -0.00000, -0.35259, 0.75758, 0.54932, 0.44717, 2.22594, 1.03599
699.20500, -0.00000, -0.35256, 0.75752, 0.54942, 0.44139, 2.24184, 1.04338
699.25500, -0.00001, -0.35255, 0.75750, 0.54945, 0.43859, 2.25035, 1.04735
699.30500, -0.00000, -0.35254, 0.75748, 0.54949, 0.43831, 2.25194, 1.04808
699.35500, 0.00000, -0.35279, 0.75806, 0.54853, 0.43770, 2.25216, 1.04819
699.40500, 0.00000, -0.35426, 0.76121, 0.54319, 0.43239, 2.25590, 1.04993
699.45500, -0.00000, -0.35592, 0.76478, 0.53707, 0.42364, 2.26511, 1.05422
699.50500, -0.00001, -0.35759, 0.76841, 0.53072, 0.41155, 2.28000, 1.06115
699.55500, -0.00002, -0.35843, 0.77028, 0.52745, 0.39783, 2.30123, 1.07104
699.60500, -0.00001, -0.35839, 0.77005, 0.52780, 0.38455, 2.32579, 1.08246
699.65500, -0.00000, -0.35830, 0.76985, 0.52816, 0.37667, 2.34404, 1.09095
699.70500, -0.00001, -0.35828, 0.76980, 0.52824, 0.37227, 2.35478, 1.09595
699.75500, -0.00000, -0.35826, 0.76977, 0.52829, 0.37115, 2.35807, 1.09748
699.80500, -0.00000, -0.35827, 0.76978, 0.52828, 0.37114, 2.35807, 1.09747
699.85500, 0.00000, -0.35920, 0.77183, 0.52464, 0.36818, 2.35960, 1.09819
699.90500, -0.00000, -0.36072, 0.77510, 0.51875, 0.36050, 2.36611, 1.10122
699.95500, -0.00000, -0.36230, 0.77849, 0.51253, 0.34928, 2.37809, 1.10680
700.00500, -0.00002, -0.36354, 0.78129, 0.50737, 0.33498, 2.39600, 1.11516
700.05500, -0.00001, -0.36386, 0.78190, 0.50621, 0.31976, 2.41941, 1.12604
700.10500, -0.00000, -0.36354, 0.78111, 0.50765, 0.30799, 2.44110, 1.13612
700.15500, -0.00001, -0.36350, 0.78103, 0.50780, 0.30149, 2.45474, 1.14247
700.20500, -0.00001, -0.36348, 0.78099, 0.50788, 0.29863, 2.46087, 1.14532
700.25500, -0.00000, -0.36347, 0.78097, 0.50791, 0.29847, 2.46125, 1.14550
700.30500, -0.00000, -0.36419, 0.78253, 0.50499, 0.29637, 2.46221, 1.14595
700.35500, -0.00000, -0.36562, 0.78562, 0.49912, 0.28893, 2.46769, 1.14850
700.40500, -0.00000, -0.36712, 0.78884, 0.49291, 0.27763, 2.47851, 1.15353
700.45500, -0.00002, -0.36840, 0.79172, 0.48729, 0.26274, 2.49498, 1.16122
700.50500, -0.00001, -0.36879, 0.79251, 0.48571, 0.24644, 2.51721, 1.17155
700.55500, -0.00000, -0.36846, 0.79168, 0.48732, 0.23243, 2.53935, 1.18185
700.60500, -0.00001, -0.36834, 0.79143, 0.48782, 0.22471, 2.55367, 1.18851
700.65500, -0.00001, -0.36831, 0.79136, 0.48796, 0.22104, 2.56032, 1.19161
700.70500, -0.00000, -0.36830, 0.79134, 0.48798, 0.22067, 2.56091, 1.19188
700.75500, -0.00000, -0.36864, 0.79210, 0.48650, 0.21976, 2.56123, 1.19204
700.80500, -0.00000, -0.36997, 0.79496, 0.48080, 0.21359, 2.56501, 1.19379
700.85500, -0.00000, -0.37138, 0.79801, 0.47462, 0.20293, 2.57392, 1.19794
700.90500, -0.00002, -0.37275, 0.80101, 0.46844, 0.18810, 2.58821, 1.20460
700.95500, -0.00002, -0.37330, 0.80224, 0.46589, 0.17102, 2.60858, 1.21409
701.00500, -0.00000, -0.37316, 0.80178, 0.46680, 0.15442, 2.63111, 1.22455
701.05500, -0.00000, -0.37281, 0.80104, 0.46835, 0.14423, 2.64747, 1.23217
701.10500, -0.00001, -0.37276, 0.80092, 0.46860, 0.13909, 2.65574, 1.23602
701.15500, -0.00000, -0.37275, 0.80090, 0.46864, 0.13800, 2.65724, 1.23671
701.20500, 0.00000, -0.37278, 0.80097, 0.46849, 0.13795, 2.65724, 1.23671
701.25500, -0.00000, -0.37377, 0.80313, 0.46399, 0.13449, 2.65888, 1.23748
701.30500, -0.00000, -0.37512, 0.80602, 0.45784, 0.12532, 2.66507, 1.24036
701.35500, -0.00000, -0.37647, 0.80894, 0.45154, 0.11171, 2.67650, 1.24568
701.40500, -0.00003, -0.37737, 0.81101, 0.44706, 0.09440, 2.69377, 1.25374
701.45500, -0.00003, -0.37753, 0.81130, 0.44639, 0.07578, 2.71559, 1.26389
701.50500, -0.00000, -0.37703, 0.81009, 0.44901, 0.06135, 2.73502, 1.27292
701.55500, -0.00001, -0.37672, 0.80943, 0.45045, 0.05345, 2.74662, 1.27831
701.60500, -0.00001, -0.37668, 0.80936, 0.45061, 0.05048, 2.75052, 1.28013
701.65500, -0.00000, -0.37668, 0.80935, 0.45062, 0.05043, 2.75058, 1.28016
701.70500, -0.00000, -0.37736, 0.81085, 0.44735, 0.04842, 2.75136, 1.28052
701.75500, -0.00000, -0.37865, 0.81361, 0.44122, 0.04032, 2.75605, 1.28270
701.80500, -0.00000, -0.37995, 0.81640, 0.43490, 0.02736, 2.76576, 1.28722
701.85500, -0.00003, -0.38101, 0.81880, 0.42942, 0.01002, 2.78085, 1.29426
701.90500, -0.00002, -0.38131, 0.81941, 0.42799, -0.00937, 2.80122, 1.30374
701.95500, -0.00000, -0.38093, 0.81847, 0.43011, -0.02639, 2.82141, 1.31312
702.00500, -0.00000, -0.38039, 0.81732, 0.43278, -0.03672, 2.83492, 1.31941
702.05500, -0.00000, -0.38021, 0.81694, 0.43363, -0.04127, 2.84079, 1.32214
702.10500, -0.00000, -0.38021, 0.81693, 0.43367, -0.04165, 2.84125, 1.32236
702.15500, -0.00000, -0.38055, 0.81769, 0.43192, -0.04256, 2.84147, 1.32246
702.20500, -0.00000, -0.38175, 0.82028, 0.42593, -0.04884, 2.84461, 1.32392
702.25500, -0.00000, -0.38300, 0.82297, 0.41957, -0.06082, 2.85248, 1.32758
702.30500, -0.00002, -0.38419, 0.82558, 0.41329, -0.07764, 2.86525, 1.33354
702.35500, -0.00003, -0.38465, 0.82663, 0.41077, -0.09737, 2.88370, 1.34213
702.40500, -0.00000, -0.38450, 0.82615, 0.41186, -0.11672, 2.90408, 1.35160
702.45500, -0.00000, -0.38388, 0.82482, 0.41510, -0.12970, 2.91941, 1.35873
702.50500, -0.00000, -0.38360, 0.82421, 0.41658, -0.13613, 2.92731, 1.36241
702.55500, -0.00000, -0.38356, 0.82413, 0.41677, -0.13734, 2.92873, 1.36307
702.60500, -0.00000, -0.38361, 0.82426, 0.41645, -0.13745, 2.92871, 1.36306
702.65500, -0.00000, -0.38457, 0.82632, 0.41147, -0.14099, 2.93014, 1.36373
702.70500, -0.00000, -0.38575, 0.82888, 0.40516, -0.15114, 2.93575, 1.36634
702.75500, -0.00000, -0.38697, 0.83150, 0.39858, -0.16646, 2.94591, 1.37107
702.80500, -0.00003, -0.38773, 0.83327, 0.39411, -0.18599, 2.96144, 1.37831
702.85500, -0.00003, -0.38785, 0.83349, 0.39355, -0.20714, 2.98109, 1.38746
702.90500, -0.00000, -0.38731, 0.83218, 0.39683, -0.22365, 2.99854, 1.39556
702.95500, -0.00000, -0.38689, 0.83128, 0.39911, -0.23299, 3.00914, 1.40049
703.00500, -0.00000, -0.38678, 0.83106, 0.39967, -0.23621, 3.01270, 1.40215
703.05500, -0.00000, -0.38679, 0.83106, 0.39967, -0.23623, 3.01272, 1.40216
703.10500, -0.00000, -0.38746, 0.83253, 0.39594, -0.23825, 3.01331, 1.40244
703.15500, -0.00000, -0.38859, 0.83498, 0.38962, -0.24676, 3.01739, 1.40433
703.20500, -0.00000, -0.38978, 0.83752, 0.38292, -0.26104, 3.02573, 1.40821
703.25500, -0.00003, -0.39073, 0.83968, 0.37719, -0.28021, 3.03889, 1.41436
703.30500, -0.00003, -0.39099, 0.84024, 0.37565, -0.30195, 3.05703, 1.42280
703.35500, -0.00000, -0.39061, 0.83928, 0.37819, -0.32101, 3.07507, 1.43118
703.40500, -0.00000, -0.39012, 0.83821, 0.38106, -0.33272, 3.08724, 1.43684
703.45500, -0.00000, -0.38994, 0.83784, 0.38207, -0.33770, 3.09245, 1.43927
703.50500, -0.00000, -0.38993, 0.83782, 0.38212, -0.33804, 3.09279, 1.43942
703.55500, -0.00000, -0.39041, 0.83887, 0.37933, -0.33932, 3.09303, 1.43953
703.60500, -0.00000, -0.39149, 0.84122, 0.37295, -0.34658, 3.09606, 1.44095
703.65500, -0.00000, -0.39265, 0.84369, 0.36608, -0.36025, 3.10303, 1.44419
703.70500, -0.00003, -0.39368, 0.84599, 0.35960, -0.37915, 3.11438, 1.44949
703.75500, -0.00004, -0.39402, 0.84679, 0.35734, -0.40123, 3.13096, 1.45721
703.80500, -0.00000, -0.39381, 0.84614, 0.35911, -0.42196, 3.14866, 1.46542
703.85500, -0.00000, -0.39327, 0.84499, 0.36241, -0.43541, 3.16160, 1.47145
703.90500, -0.00000, -0.39303, 0.84448, 0.36385, -0.44175, 3.16785, 1.47436
703.95500, -0.00000, -0.39300, 0.84442, 0.36402, -0.44253, 3.16862, 1.47472
704.00500, -0.00000, -0.39313, 0.84471, 0.36321, -0.44278, 3.16857, 1.47469
704.05500, -0.00000, -0.39406, 0.84673, 0.35745, -0.44678, 3.16981, 1.47527
704.10500, -0.00000, -0.39516, 0.84910, 0.35052, -0.45800, 3.17447, 1.47744
704.15500, -0.00001, -0.39631, 0.85158, 0.34313, -0.47501, 3.18285, 1.48134
704.20500, -0.00004, -0.39693, 0.85306, 0.33873, -0.49652, 3.19634, 1.48764
704.25500, -0.00004, -0.39700, 0.85318, 0.33833, -0.51956, 3.21326, 1.49552
704.30500, -0.00000, -0.39651, 0.85196, 0.34197, -0.53675, 3.22811, 1.50240
704.35500, -0.00000, -0.39615, 0.85119, 0.34431, -0.54636, 3.23694, 1.50651
704.40500, -0.00000, -0.39604, 0.85095, 0.34501, -0.54921, 3.23958, 1.50774
704.45500, 0.00000, -0.39606, 0.85099, 0.34488, -0.54924, 3.23956, 1.50773
704.50500, -0.00001, -0.39684, 0.85268, 0.33978, -0.55118, 3.23961, 1.50776
704.55500, -0.00000, -0.39799, 0.85516, 0.33213, -0.55936, 3.24206, 1.50890
704.60500, -0.00000, -0.39919, 0.85776, 0.32386, -0.57458, 3.24780, 1.51157
704.65500, -0.00003, -0.40011, 0.85983, 0.31718, -0.59508, 3.25788, 1.51628
704.70500, -0.00006, -0.40037, 0.86046, 0.31514, -0.61874, 3.27276, 1.52321
704.75500, -0.00000, -0.40003, 0.85952, 0.31812, -0.63851, 3.28764, 1.53011
704.80500, -0.00000, -0.39963, 0.85865, 0.32096, -0.65047, 3.29763, 1.53476
704.85500, -0.00000, -0.39947, 0.85831, 0.32208, -0.65527, 3.30164, 1.53662
704.90500, -0.00000, -0.39946, 0.85828, 0.32216, -0.65542, 3.30179, 1.53669
704.95500, -0.00000, -0.40002, 0.85951, 0.31817, -0.65649, 3.30139, 1.53651
705.00500, -0.00001, -0.40118, 0.86202, 0.30981, -0.66260, 3.30194, 1.53676
705.05500, -0.00000, -0.40241, 0.86467, 0.30068, -0.67610, 3.30539, 1.53837
705.10500, -0.00003, -0.40349, 0.86709, 0.29217, -0.69544, 3.31242, 1.54166
705.15500, -0.00005, -0.40393, 0.86810, 0.28851, -0.71892, 3.32455, 1.54731
705.20500, -0.00001, -0.40377, 0.86757, 0.29033, -0.74087, 3.33848, 1.55377
705.25500, -0.00000, -0.40336, 0.86667, 0.29356, -0.75497, 3.34896, 1.55865
705.30500, -0.00000, -0.40317, 0.86627, 0.29499, -0.76150, 3.35378, 1.56089
705.35500, -0.00000, -0.40314, 0.86621, 0.29522, -0.76211, 3.35429, 1.56112
705.40500, -0.00000, -0.40334, 0.86664, 0.29369, -0.76248, 3.35406, 1.56102
705.45500, -0.00001, -0.40433, 0.86879, 0.28586, -0.76590, 3.35329, 1.56066
705.50500, -0.00000, -0.40548, 0.87128, 0.27649, -0.77645, 3.35459, 1.56127
705.55500, -0.00002, -0.40665, 0.87384, 0.26652, -0.79365, 3.35849, 1.56309
705.60500, -0.00005, -0.40733, 0.87537, 0.26039, -0.81588, 3.36697, 1.56705
705.65500, -0.00007, -0.40742, 0.87563, 0.25938, -0.84016, 3.37910, 1.57272
705.70500, -0.00000, -0.40708, 0.87467, 0.26313, -0.85811, 3.39041, 1.57794
705.75500, -0.00000, -0.40682, 0.87410, 0.26543, -0.86811, 3.39699, 1.58100
705.80500, -0.00000, -0.40672, 0.87389, 0.26625, -0.87062, 3.39877, 1.58183
705.85500, 0.00000, -0.40677, 0.87400, 0.26583, -0.87070, 3.39869, 1.58179
705.90500, -0.00000, -0.40751, 0.87560, 0.25935, -0.87257, 3.39763, 1.58129
705.95500, -0.00001, -0.40856, 0.87788, 0.24980, -0.88075, 3.39736, 1.58117
706.00500, -0.00001, -0.40967, 0.88028, 0.23933, -0.89597, 3.39915, 1.58200
706.05500, -0.00005, -0.41047, 0.88213, 0.23100, -0.91684, 3.40442, 1.58448
706.10500, -0.00008, -0.41077, 0.88284, 0.22772, -0.94156, 3.41383, 1.58887
706.15500, -0.00001, -0.41057, 0.88218, 0.23065, -0.96217, 3.42437, 1.59374
706.20500, -0.00000, -0.41024, 0.88144, 0.23401, -0.97545, 3.43215, 1.59736
706.25500, -0.00000, -0.41005, 0.88105, 0.23581, -0.98062, 3.43545, 1.59890
706.30500, -0.00000, -0.41004, 0.88102, 0.23595, -0.98074, 3.43558, 1.59896
706.35500, 0.00000, -0.41048, 0.88196, 0.23162, -0.98152, 3.43461, 1.59850
706.40500, -0.00001, -0.41140, 0.88399, 0.22207, -0.98719, 3.43295, 1.59774
706.45500, -0.00001, -0.41241, 0.88616, 0.21127, -0.99997, 3.43279, 1.59766
706.50500, -0.00006, -0.41326, 0.88813, 0.20111, -1.01907, 3.43518, 1.59880
706.55500, -0.00008, -0.41372, 0.88918, 0.19542, -1.04265, 3.44128, 1.60165
706.60500, -0.00008, -0.41368, 0.88908, 0.19599, -1.06566, 3.45005, 1.60573
706.65500, -0.00000, -0.41340, 0.88825, 0.20026, -1.08236, 3.45838, 1.60957
706.70500, -0.00000, -0.41312, 0.88765, 0.20350, -1.09133, 3.46345, 1.61193
706.75500, -0.00000, -0.41302, 0.88742, 0.20471, -1.09288, 3.46466, 1.61249
706.80500, 0.00000, -0.41317, 0.88775, 0.20294, -1.09319, 3.46427, 1.61231
706.85500, -0.00000, -0.41388, 0.88929, 0.19459, -1.09637, 3.46235, 1.61142
706.90500, -0.00001, -0.41473, 0.89115, 0.18401, -1.10647, 3.46101, 1.61079
706.95500, -0.00004, -0.41556, 0.89299, 0.17286, -1.12352, 3.46117, 1.61088
707.00500, -0.00007, -0.41605, 0.89416, 0.16545, -1.14585, 3.46465, 1.61252
707.05500, -0.00011, -0.41616, 0.89450, 0.16335, -1.17061, 3.47124, 1.61562
707.10500, -0.00001, -0.41600, 0.89388, 0.16710, -1.18988, 3.47886, 1.61910
707.15500, -0.00000, -0.41570, 0.89319, 0.17149, -1.20271, 3.48502, 1.62197
707.20500, -0.00000, -0.41548, 0.89271, 0.17448, -1.20737, 3.48798, 1.62334
707.25500, 0.00000, -0.41551, 0.89277, 0.17410, -1.20754, 3.48794, 1.62333
707.30500, 0.00000, -0.41597, 0.89376, 0.16779, -1.20928, 3.48647, 1.62264
707.35500, 0.00000, -0.41665, 0.89523, 0.15802, -1.21752, 3.48462, 1.62178
707.40500, -0.00001, -0.41728, 0.89663, 0.14813, -1.23390, 3.48453, 1.62174
707.45500, -0.00005, -0.41776, 0.89776, 0.13969, -1.25546, 3.48622, 1.62255
707.50500, -0.00008, -0.41798, 0.89828, 0.13563, -1.28073, 3.49078, 1.62468
707.55500, -0.00005, -0.41786, 0.89795, 0.13810, -1.30226, 3.49732, 1.62771
707.60500, -0.00000, -0.41763, 0.89734, 0.14269, -1.31772, 3.50346, 1.63055
707.65500, -0.00000, -0.41741, 0.89686, 0.14631, -1.32505, 3.50712, 1.63225
707.70500, -0.00000, -0.41736, 0.89675, 0.14712, -1.32587, 3.50773, 1.63254
707.75500, 0.00000, -0.41757, 0.89720, 0.14377, -1.32652, 3.50698, 1.63219
707.80500, 0.00000, -0.41809, 0.89831, 0.13506, -1.33120, 3.50478, 1.63116
707.85500, 0.00000, -0.41865, 0.89953, 0.12481, -1.34387, 3.50307, 1.63037
707.90500, -0.00001, -0.41920, 0.90073, 0.11385, -1.36223, 3.50189, 1.62982
707.95500, -0.00000, -0.41963, 0.90165, 0.10460, -1.38313, 3.50177, 1.62976
708.00500, -0.00006, -0.41972, 0.90195, 0.10158, -1.40469, 3.50437, 1.63100
708.05500, -0.00002, -0.41966, 0.90175, 0.10364, -1.42070, 3.50831, 1.63281
708.10500, -0.00001, -0.41953, 0.90142, 0.10698, -1.43086, 3.51180, 1.63443
708.15500, -0.00000, -0.41942, 0.90119, 0.10930, -1.43390, 3.51348, 1.63521
708.20500, 0.00000, -0.41946, 0.90127, 0.10849, -1.43402, 3.51328, 1.63512
708.25500, 0.00000, -0.41973, 0.90184, 0.10250, -1.43588, 3.51175, 1.63440
708.30500, 0.00000, -0.42011, 0.90266, 0.09328, -1.44421, 3.50938, 1.63330
708.35500, 0.00000, -0.42050, 0.90350, 0.08290, -1.46057, 3.50733, 1.63234
708.40500, -0.00000, -0.42080, 0.90416, 0.07369, -1.48153, 3.50611, 1.63178
708.45500, -0.00004, -0.42099, 0.90463, 0.06638, -1.50335, 3.50548, 1.63150
708.50500, -0.00004, -0.42097, 0.90461, 0.06679, -1.52185, 3.50791, 1.63263
708.55500, -0.00001, -0.42092, 0.90445, 0.06924, -1.53457, 3.51058, 1.63386
708.60500, -0.00001, -0.42083, 0.90422, 0.07274, -1.54121, 3.51304, 1.63500
708.65500, 0.00000, -0.42081, 0.90417, 0.07351, -1.54211, 3.51352, 1.63523
708.70500, 0.00000, -0.42093, 0.90442, 0.06953, -1.54277, 3.51235, 1.63468
708.75500, 0.00000, -0.42114, 0.90486, 0.06224, -1.54836, 3.51019, 1.63368
708.80500, 0.00000, -0.42135, 0.90532, 0.05352, -1.56133, 3.50788, 1.63260
708.85500, -0.00000, -0.42155, 0.90576, 0.04356, -1.58033, 3.50509, 1.63131
708.90500, -0.00000, -0.42170, 0.90610, 0.03405, -1.60072, 3.50216, 1.62994
708.95500, -0.00004, -0.42171, 0.90620, 0.03106, -1.61994, 3.50188, 1.62982
709.00500, -0.00004, -0.42170, 0.90617, 0.03210, -1.63378, 3.50314, 1.63041
709.05500, -0.00002, -0.42168, 0.90608, 0.03464, -1.64189, 3.50479, 1.63117
709.10500, -0.00001, -0.42166, 0.90600, 0.03688, -1.64454, 3.50598, 1.63172
709.15500, 0.00000, -0.42170, 0.90607, 0.03467, -1.64473, 3.50517, 1.63134
709.20500, 0.00000, -0.42178, 0.90624, 0.02863, -1.64819, 3.50287, 1.63027
709.25500, 0.00000, -0.42186, 0.90640, 0.02195, -1.65896, 3.50054, 1.62918
709.30500, 0.00000, -0.42191, 0.90652, 0.01456, -1.67655, 3.49792, 1.62797
709.35500, -0.00000, -0.42194, 0.90661, 0.00496, -1.69644, 3.49384, 1.62607
709.40500, -0.00003, -0.42194, 0.90662, -0.00152, -1.71556, 3.49086, 1.62467
709.45500, -0.00004, -0.42192, 0.90663, -0.00098, -1.73101, 3.49111, 1.62481
709.50500, -0.00004, -0.42192, 0.90663, 0.00086, -1.74050, 3.49196, 1.62521
709.55500, -0.00002, -0.42193, 0.90662, 0.00350, -1.74440, 3.49320, 1.62578
709.60500, 0.00000, -0.42195, 0.90661, 0.00345, -1.74479, 3.49317, 1.62576
709.65500, -0.00000, -0.42196, 0.90661, -0.00132, -1.74559, 3.49095, 1.62472
709.70500, 0.00000, -0.42195, 0.90659, -0.00751, -1.75233, 3.48799, 1.62333
709.75500, 0.00000, -0.42192, 0.90652, -0.01416, -1.76651, 3.48459, 1.62175
709.80500, 0.00000, -0.42185, 0.90639, -0.02253, -1.78578, 3.48011, 1.61968
709.85500, -0.00001, -0.42173, 0.90616, -0.03192, -1.80533, 3.47476, 1.61719
709.90500, -0.00006, -0.42167, 0.90610, -0.03419, -1.82311, 3.47269, 1.61624
709.95500, -0.00007, -0.42167, 0.90614, -0.03318, -1.83554, 3.47243, 1.61613
710.00500, -0.00008, -0.42169, 0.90622, -0.03090, -1.84206, 3.47314, 1.61647
710.05500, -0.00005, -0.42172, 0.90624, -0.02962, -1.84358, 3.47365, 1.61669
710.10500, 0.00000, -0.42171, 0.90609, -0.03397, -1.84488, 3.47154, 1.61568
710.15500, -0.00000, -0.42159, 0.90581, -0.04207, -1.84988, 3.46737, 1.61374
710.20500, -0.00001, -0.42145, 0.90549, -0.04966, -1.86211, 3.46274, 1.61157
710.25500, -0.00000, -0.42130, 0.90521, -0.05563, -1.88036, 3.45828, 1.60952
710.30500, -0.00000, -0.42107, 0.90472, -0.06466, -1.89936, 3.45201, 1.60660
710.35500, -0.00007, -0.42091, 0.90448, -0.06895, -1.91780, 3.44790, 1.60470
710.40500, -0.00009, -0.42091, 0.90454, -0.06821, -1.93151, 3.44657, 1.60411
710.45500, -0.00011, -0.42094, 0.90466, -0.06640, -1.93917, 3.44653, 1.60411
710.50500, -0.00011, -0.42098, 0.90475, -0.06490, -1.94117, 3.44702, 1.60433
710.55500, -0.00000, -0.42100, 0.90458, -0.06705, -1.94139, 3.44594, 1.60377
710.60500, -0.00000, -0.42080, 0.90411, -0.07431, -1.94368, 3.44219, 1.60202
710.65500, -0.00001, -0.42060, 0.90366, -0.08064, -1.95272, 3.43783, 1.59997
710.70500, -0.00000, -0.42044, 0.90337, -0.08461, -1.96914, 3.43348, 1.59797
710.75500, -0.00000, -0.42020, 0.90286, -0.09099, -1.98758, 3.42764, 1.59525
710.80500, -0.00004, -0.41987, 0.90219, -0.09880, -2.00611, 3.42085, 1.59209
710.85500, -0.00009, -0.41983, 0.90220, -0.09887, -2.02205, 3.41804, 1.59082
710.90500, -0.00012, -0.41985, 0.90233, -0.09762, -2.03194, 3.41689, 1.59031
710.95500, -0.00013, -0.41991, 0.90249, -0.09587, -2.03562, 3.41712, 1.59043
711.00500, -0.00004, -0.41997, 0.90244, -0.09602, -2.03553, 3.41700, 1.59031
711.05500, -0.00000, -0.41977, 0.90191, -0.10176, -2.03633, 3.41420, 1.58900
711.10500, -0.00000, -0.41948, 0.90127, -0.10842, -2.04162, 3.40987, 1.58696
711.15500, -0.00000, -0.41929, 0.90086, -0.11247, -2.05456, 3.40521, 1.58479
711.20500, -0.00000, -0.41911, 0.90050, -0.11598, -2.07244, 3.39989, 1.58234
711.25500, -0.00001, -0.41876, 0.89975, -0.12285, -2.09046, 3.39280, 1.57903
711.30500, -0.00008, -0.41855, 0.89940, -0.12610, -2.10821, 3.38734, 1.57652
711.35500, -0.00011, -0.41855, 0.89951, -0.12525, -2.12101, 3.38484, 1.57539
711.40500, -0.00015, -0.41861, 0.89971, -0.12364, -2.12757, 3.38416, 1.57510
711.45500, -0.00012, -0.41867, 0.89981, -0.12272, -2.12874, 3.38433, 1.57516
711.50500, 0.00000, -0.41857, 0.89935, -0.12632, -2.12891, 3.38262, 1.57430
711.55500, -0.00000, -0.41823, 0.89856, -0.13295, -2.13193, 3.37857, 1.57240
711.60500, -0.00000, -0.41799, 0.89806, -0.13702, -2.14228, 3.37389, 1.57021
711.65500, -0.00000, -0.41780, 0.89769, -0.13998, -2.15909, 3.36819, 1.56758
711.70500, -0.00001, -0.41748, 0.89699, -0.14529, -2.17670, 3.36108, 1.56427
711.75500, -0.00006, -0.41714, 0.89629, -0.15052, -2.19446, 3.35378, 1.56086
711.80500, -0.00010, -0.41712, 0.89639, -0.14997, -2.20912, 3.35002, 1.55918
711.85500, -0.00014, -0.41717, 0.89660, -0.14860, -2.21763, 3.34838, 1.55844
711.90500, -0.00015, -0.41725, 0.89680, -0.14711, -2.22027, 3.34842, 1.55847
711.95500, -0.00001, -0.41730, 0.89662, -0.14808, -2.22021, 3.34786, 1.55812
712.00500, -0.00000, -0.41690, 0.89572, -0.15453, -2.22116, 3.34458, 1.55658
712.05500, -0.00000, -0.41659, 0.89504, -0.15926, -2.22799, 3.34009, 1.55448
712.10500, -0.00000, -0.41637, 0.89459, -0.16229, -2.24221, 3.33421, 1.55176
712.15500, -0.00001, -0.41607, 0.89395, -0.16656, -2.25949, 3.32694, 1.54838
712.20500, -0.00001, -0.41563, 0.89300, -0.17263, -2.27665, 3.31862, 1.54450
712.25500, -0.00009, -0.41546, 0.89278, -0.17414, -2.29321, 3.31251, 1.54169
712.30500, -0.00012, -0.41550, 0.89297, -0.17311, -2.30428, 3.30946, 1.54032
712.35500, -0.00017, -0.41559, 0.89325, -0.17143, -2.30930, 3.30874, 1.54001
712.40500, -0.00013, -0.41564, 0.89329, -0.17112, -2.30964, 3.30874, 1.53998
712.45500, -0.00000, -0.41540, 0.89253, -0.17560, -2.30976, 3.30667, 1.53894
712.50500, -0.00000, -0.41498, 0.89159, -0.18127, -2.31342, 3.30245, 1.53697
712.55500, -0.00000, -0.41470, 0.89099, -0.18481, -2.32419, 3.29678, 1.53433
712.60500, -0.00001, -0.41439, 0.89035, -0.18856, -2.34056, 3.28915, 1.53079
712.65500, -0.00001, -0.41392, 0.88933, -0.19433, -2.35725, 3.28039, 1.52672
712.70500, -0.00007, -0.41349, 0.88847, -0.19912, -2.37416, 3.27166, 1.52265
712.75500, -0.00011, -0.41350, 0.88863, -0.19840, -2.38770, 3.26692, 1.52051
712.80500, -0.00017, -0.41358, 0.88890, -0.19700, -2.39528, 3.26482, 1.51956
712.85500, -0.00018, -0.41366, 0.88911, -0.19586, -2.39728, 3.26471, 1.51952
712.90500, -0.00000, -0.41355, 0.88858, -0.19851, -2.39746, 3.26338, 1.51880
712.95500, -0.00000, -0.41301, 0.88738, -0.20487, -2.39959, 3.25937, 1.51693
713.00500, -0.00000, -0.41266, 0.88660, -0.20892, -2.40823, 3.25363, 1.51425
713.05500, -0.00000, -0.41230, 0.88587, -0.21272, -2.42326, 3.24550, 1.51048
713.10500, -0.00001, -0.41180, 0.88478, -0.21816, -2.43949, 3.23621, 1.50615
713.15500, -0.00004, -0.41120, 0.88350, -0.22437, -2.45570, 3.22622, 1.50149
713.20500, -0.00011, -0.41116, 0.88358, -0.22411, -2.47029, 3.21987, 1.49860
713.25500, -0.00016, -0.41124, 0.88386, -0.22287, -2.47904, 3.21675, 1.49719
713.30500, -0.00021, -0.41134, 0.88416, -0.22150, -2.48210, 3.21627, 1.49699
713.35500, -0.00008, -0.41139, 0.88403, -0.22192, -2.48181, 3.21606, 1.49680
713.40500, -0.00000, -0.41089, 0.88283, -0.22756, -2.48219, 3.21332, 1.49550
713.45500, -0.00000, -0.41043, 0.88181, -0.23229, -2.48719, 3.20836, 1.49318
713.50500, -0.00000, -0.41002, 0.88095, -0.23624, -2.49882, 3.20068, 1.48961
713.55500, -0.00001, -0.40953, 0.87991, -0.24090, -2.51448, 3.19098, 1.48510
713.60500, -0.00001, -0.40883, 0.87840, -0.24755, -2.52994, 3.18043, 1.48019
713.65500, -0.00007, -0.40847, 0.87769, -0.25061, -2.54561, 3.17070, 1.47567
713.70500, -0.00013, -0.40851, 0.87793, -0.24970, -2.55715, 3.16552, 1.47332
713.75500, -0.00021, -0.40862, 0.87828, -0.24830, -2.56296, 3.16352, 1.47244
713.80500, -0.00020, -0.40868, 0.87841, -0.24772, -2.56388, 3.16341, 1.47238
713.85500, -0.00000, -0.40841, 0.87752, -0.25132, -2.56382, 3.16178, 1.47152
713.90500, -0.00000, -0.40780, 0.87618, -0.25692, -2.56629, 3.15748, 1.46950
713.95500, -0.00000, -0.40732, 0.87515, -0.26116, -2.57501, 3.15033, 1.46618
714.00500, -0.00000, -0.40680, 0.87405, -0.26563, -2.58929, 3.14018, 1.46146
714.05500, -0.00000, -0.40610, 0.87253, -0.27162, -2.60417, 3.12924, 1.45637
714.10500, -0.00005, -0.40540, 0.87103, -0.27741, -2.61908, 3.11784, 1.45105
714.15500, -0.00011, -0.40542, 0.87125, -0.27670, -2.63245, 3.11033, 1.44763
714.20500, -0.00019, -0.40553, 0.87160, -0.27543, -2.64017, 3.10676, 1.44601
714.25500, -0.00023, -0.40563, 0.87189, -0.27437, -2.64257, 3.10622, 1.44578
714.30500, -0.00000, -0.40545, 0.87117, -0.27690, -2.64286, 3.10478, 1.44499
714.35500, -0.00000, -0.40471, 0.86954, -0.28302, -2.64456, 3.10071, 1.44308
714.40500, -0.00000, -0.40415, 0.86833, -0.28752, -2.65199, 3.09339, 1.43967
714.45500, -0.00000, -0.40355, 0.86707, -0.29213, -2.66509, 3.08259, 1.43466
714.50500, -0.00000, -0.40280, 0.86545, -0.29790, -2.67928, 3.07098, 1.42925
714.55500, -0.00002, -0.40199, 0.86370, -0.30403, -2.69335, 3.05884, 1.42359
714.60500, -0.00011, -0.40194, 0.86375, -0.30393, -2.70678, 3.04986, 1.41947
714.65500, -0.00019, -0.40206, 0.86413, -0.30270, -2.71499, 3.04543, 1.41746
714.70500, -0.00025, -0.40217, 0.86447, -0.30156, -2.71795, 3.04451, 1.41708
714.75500, 0.00000, -0.40213, 0.86402, -0.30292, -2.71817, 3.04342, 1.41643
714.80500, -0.00000, -0.40132, 0.86226, -0.30894, -2.71907, 3.04005, 1.41485
714.85500, 0.00000, -0.40065, 0.86083, -0.31377, -2.72492, 3.03304, 1.41159
714.90500, -0.00000, -0.39996, 0.85936, -0.31863, -2.73654, 3.02204, 1.40648
714.95500, -0.00000, -0.39914, 0.85758, -0.32442, -2.74994, 3.00969, 1.40073
715.00500, -0.00001, -0.39818, 0.85552, -0.33098, -2.76304, 2.99685, 1.39475
715.05500, -0.00009, -0.39797, 0.85518, -0.33209, -2.77636, 2.98594, 1.38971
715.10500, -0.00019, -0.39810, 0.85559, -0.33087, -2.78536, 2.98030, 1.38715
715.15500, -0.00028, -0.39824, 0.85601, -0.32962, -2.78924, 2.97869, 1.38644
715.20500, -0.00023, -0.39825, 0.85599, -0.32967, -2.78933, 2.97855, 1.38635
715.25500, -0.00000, -0.39769, 0.85449, -0.33420, -2.78907, 2.97643, 1.38525
715.30500, 0.00000, -0.39688, 0.85272, -0.33965, -2.79154, 2.97121, 1.38281
715.35500, 0.00000, -0.39609, 0.85101, -0.34481, -2.79950, 2.96174, 1.37840
715.40500, -0.00000, -0.39522, 0.84916, -0.35032, -2.81175, 2.94886, 1.37242
715.45500, -0.00000, -0.39412, 0.84680, -0.35720, -2.82390, 2.93558, 1.36623
715.50500, -0.00005, -0.39327, 0.84496, -0.36246, -2.83623, 2.92212, 1.35995
715.55500, -0.00014, -0.39333, 0.84527, -0.36168, -2.84729, 2.91287, 1.35573
715.60500, -0.00025, -0.39349, 0.84577, -0.36034, -2.85363, 2.90879, 1.35391
715.65500, -0.00029, -0.39363, 0.84609, -0.35943, -2.85543, 2.90807, 1.35357
715.70500, -0.00000, -0.39325, 0.84495, -0.36251, -2.85562, 2.90611, 1.35252
715.75500, 0.00000, -0.39222, 0.84272, -0.36876, -2.85703, 2.90142, 1.35033
715.80500, 0.00000, -0.39130, 0.84072, -0.37426, -2.86322, 2.89229, 1.34608
715.85500, -0.00000, -0.39032, 0.83862, -0.37995, -2.87405, 2.87900, 1.33990
715.90500, -0.00000, -0.38907, 0.83595, -0.38707, -2.88507, 2.86503, 1.33340
715.95500, -0.00002, -0.38797, 0.83356, -0.39325, -2.89614, 2.85055, 1.32665
716.00500, -0.00008, -0.38758, 0.83272, -0.39542, -2.90595, 2.83931, 1.32140
716.05500, -0.00021, -0.38771, 0.83326, -0.39415, -2.91270, 2.83377, 1.31896
716.10500, -0.00028, -0.38788, 0.83371, -0.39303, -2.91502, 2.83252, 1.31841
716.15500, -0.00004, -0.38777, 0.83323, -0.39416, -2.91473, 2.83167, 1.31788
716.20500, 0.00000, -0.38666, 0.83078, -0.40037, -2.91459, 2.82835, 1.31633
716.25500, 0.00001, -0.38550, 0.82830, -0.40658, -2.91844, 2.82036, 1.31261
716.30500, 0.00000, -0.38424, 0.82559, -0.41323, -2.92689, 2.80717, 1.30648
716.35500, -0.00000, -0.38262, 0.82210, -0.42161, -2.93645, 2.79204, 1.29943
716.40500, -0.00000, -0.38104, 0.81868, -0.42963, -2.94550, 2.77640, 1.29215
716.45500, -0.00004, -0.37999, 0.81640, -0.43486, -2.95455, 2.76228, 1.28555
716.50500, -0.00010, -0.37903, 0.81427, -0.43966, -2.95960, 2.75331, 1.28134
716.55500, -0.00014, -0.37814, 0.81227, -0.44410, -2.96019, 2.74965, 1.27961
716.60500, -0.00009, -0.37781, 0.81165, -0.44552, -2.95948, 2.74921, 1.27944
716.65500, -0.00000, -0.37688, 0.80977, -0.44972, -2.95846, 2.74833, 1.27909
716.70500, 0.00000, -0.37552, 0.80685, -0.45604, -2.95916, 2.74281, 1.27652
716.75500, 0.00000, -0.37415, 0.80390, -0.46233, -2.96415, 2.73181, 1.27140
716.80500, -0.00000, -0.37262, 0.80061, -0.46923, -2.97195, 2.71653, 1.26429
716.85500, -0.00000, -0.37080, 0.79670, -0.47725, -2.97903, 2.70082, 1.25697
716.90500, -0.00001, -0.36948, 0.79385, -0.48300, -2.98660, 2.68458, 1.24941
716.95500, -0.00001, -0.36823, 0.79116, -0.48833, -2.99209, 2.67231, 1.24370
717.00500, -0.00001, -0.36674, 0.78796, -0.49460, -2.99366, 2.66541, 1.24049
717.05500, 0.00000, -0.36538, 0.78502, -0.50025, -2.99190, 2.66296, 1.23934
717.10500, -0.00000, -0.36444, 0.78305, -0.50400, -2.99032, 2.66197, 1.23890
717.15500, 0.00000, -0.36281, 0.77954, -0.51057, -2.98929, 2.65775, 1.23693
717.20500, 0.00000, -0.36109, 0.77585, -0.51737, -2.99158, 2.64752, 1.23217
717.25500, -0.00000, -0.35925, 0.77190, -0.52451, -2.99652, 2.63202, 1.22496
717.30500, -0.00000, -0.35719, 0.76744, -0.53240, -3.00111, 2.61552, 1.21727
717.35500, -0.00000, -0.35555, 0.76389, -0.53857, -3.00594, 2.59848, 1.20933
717.40500, -0.00000, -0.35418, 0.76099, -0.54356, -3.00998, 2.58456, 1.20287
717.45500, -0.00000, -0.35250, 0.75738, -0.54965, -3.01030, 2.57639, 1.19906
717.50500, 0.00000, -0.35071, 0.75350, -0.55609, -3.00743, 2.57340, 1.19766
717.55500, -0.00000, -0.34971, 0.75140, -0.55955, -3.00548, 2.57225, 1.19714
717.60500, 0.00000, -0.34830, 0.74836, -0.56449, -3.00384, 2.57069, 1.19641
717.65500, 0.00000, -0.34646, 0.74442, -0.57079, -3.00331, 2.56347, 1.19305
717.70500, -0.00000, -0.34451, 0.74021, -0.57741, -3.00497, 2.54984, 1.18670
717.75500, -0.00000, -0.34222, 0.73530, -0.58500, -3.00701, 2.53283, 1.17879
717.80500, 0.00000, -0.33994, 0.73037, -0.59245, -3.00850, 2.51494, 1.17045
717.85500, -0.00000, -0.33831, 0.72688, -0.59766, -3.01064, 2.49808, 1.16261
717.90500, -0.00000, -0.33644, 0.72286, -0.60356, -3.01033, 2.48681, 1.15737
717.95500, -0.00000, -0.33416, 0.71797, -0.61062, -3.00715, 2.48172, 1.15500
718.00500, 0.00000, -0.33233, 0.71402, -0.61622, -3.00359, 2.48003, 1.15420
718.05500, -0.00000, -0.33105, 0.71130, -0.62005, -3.00161, 2.47914, 1.15380
718.10500, 0.00000, -0.32925, 0.70743, -0.62541, -2.99995, 2.47495, 1.15185
718.15500, 0.00000, -0.32747, 0.70362, -0.63062, -2.99936, 2.46413, 1.14682
718.20500, -0.00000, -0.32566, 0.69972, -0.63588, -2.99995, 2.44779, 1.13921
718.25500, -0.00000, -0.32324, 0.69451, -0.64278, -2.99917, 2.42952, 1.13071
718.30500, 0.00000, -0.32112, 0.68993, -0.64875, -2.99831, 2.41138, 1.12226
718.35500, -0.00000, -0.31916, 0.68574, -0.65414, -2.99700, 2.39747, 1.11579
718.40500, -0.00000, -0.31680, 0.68065, -0.66057, -2.99373, 2.39004, 1.11233
718.45500, 0.00001, -0.31435, 0.67537, -0.66713, -2.98935, 2.38801, 1.11138
718.50500, 0.00000, -0.31278, 0.67204, -0.67122, -2.98665, 2.38721, 1.11102
718.55500, 0.00000, -0.31081, 0.66780, -0.67634, -2.98374, 2.38460, 1.10980
718.60500, 0.00000, -0.30915, 0.66424, -0.68059, -2.98159, 2.37558, 1.10560
718.65500, -0.00000, -0.30789, 0.66153, -0.68380, -2.98057, 2.36016, 1.09843
718.70500, 0.00000, -0.30610, 0.65769, -0.68830, -2.97883, 2.34259, 1.09026
718.75500, 0.00001, -0.30364, 0.65236, -0.69442, -2.97529, 2.32458, 1.08185
718.80500, -0.00000, -0.30164, 0.64809, -0.69928, -2.97232, 2.30939, 1.07479
718.85500, -0.00000, -0.29926, 0.64297, -0.70500, -2.96834, 2.30082, 1.07081
718.90500, 0.00000, -0.29658, 0.63721, -0.71134, -2.96373, 2.29844, 1.06970
718.95500, 0.00000, -0.29473, 0.63323, -0.71565, -2.96059, 2.29772, 1.06936
719.00500, 0.00001, -0.29241, 0.62828, -0.72094, -2.95667, 2.29664, 1.06886
719.05500, 0.00001, -0.28901, 0.62097, -0.72861, -2.95063, 2.29104, 1.06626
719.10500, 0.00000, -0.28544, 0.61331, -0.73646, -2.94369, 2.27926, 1.06077
719.15500, 0.00000, -0.28226, 0.60646, -0.74333, -2.93672, 2.26233, 1.05289
719.20500, 0.00000, -0.27921, 0.59989, -0.74979, -2.92970, 2.24509, 1.04486
719.25500, -0.00000, -0.27693, 0.59500, -0.75451, -2.92376, 2.22846, 1.03713
719.30500, -0.00000, -0.27446, 0.58968, -0.75957, -2.91823, 2.21749, 1.03202
719.35500, -0.00000, -0.27148, 0.58330, -0.76554, -2.91301, 2.21321, 1.03003
719.40500, 0.00000, -0.26883, 0.57760, -0.77078, -2.90890, 2.21285, 1.02986
719.45500, 0.00000, -0.26678, 0.57326, -0.77473, -2.90585, 2.21282, 1.02986
719.50500, 0.00000, -0.26331, 0.56577, -0.78139, -2.89965, 2.21027, 1.02867
719.55500, 0.00000, -0.25951, 0.55761, -0.78849, -2.89142, 2.20222, 1.02493
719.60500, 0.00001, -0.25587, 0.54974, -0.79518, -2.88154, 2.18808, 1.01833
719.65500, 0.00001, -0.25255, 0.54262, -0.80111, -2.87148, 2.17216, 1.01092
719.70500, 0.00000, -0.24972, 0.53654, -0.80608, -2.86196, 2.15621, 1.00350
719.75500, -0.00000, -0.24734, 0.53143, -0.81019, -2.85424, 2.14361, 0.99764
719.80500, -0.00000, -0.24452, 0.52536, -0.81499, -2.84815, 2.13759, 0.99484
719.85500, 0.00000, -0.24156, 0.51900, -0.81993, -2.84386, 2.13719, 0.99465
719.90500, 0.00000, -0.23962, 0.51492, -0.82307, -2.84134, 2.13754, 0.99483
719.95500, 0.00000, -0.23611, 0.50733, -0.82877, -2.83536, 2.13683, 0.99449
720.00500, 0.00000, -0.23232, 0.49918, -0.83477, -2.82651, 2.13064, 0.99161
720.05500, 0.00001, -0.22848, 0.49089, -0.84073, -2.81460, 2.11883, 0.98610
720.10500, 0.00001, -0.22497, 0.48336, -0.84602, -2.80174, 2.10459, 0.97947
720.15500, 0.00001, -0.22175, 0.47641, -0.85080, -2.78896, 2.09045, 0.97288
720.20500, 0.00001, -0.21928, 0.47112, -0.85438, -2.77833, 2.07806, 0.96713
720.25500, 0.00001, -0.21648, 0.46510, -0.85838, -2.77048, 2.07181, 0.96422
720.30500, 0.00001, -0.21341, 0.45851, -0.86268, -2.76548, 2.07143, 0.96404
720.35500, 0.00000, -0.21144, 0.45433, -0.86538, -2.76298, 2.07220, 0.96441
720.40500, 0.00001, -0.20815, 0.44724, -0.86986, -2.75803, 2.07289, 0.96473
720.45500, 0.00000, -0.20426, 0.43888, -0.87502, -2.74913, 2.06911, 0.96297
720.50500, 0.00000, -0.20025, 0.43026, -0.88021, -2.73614, 2.06012, 0.95879
720.55500, 0.00001, -0.19657, 0.42234, -0.88487, -2.72098, 2.04792, 0.95310
720.60500, 0.00001, -0.19300, 0.41466, -0.88927, -2.70567, 2.03585, 0.94748
720.65500, 0.00001, -0.19039, 0.40903, -0.89244, -2.69205, 2.02432, 0.94211
720.70500, 0.00001, -0.18757, 0.40300, -0.89577, -2.68209, 2.01799, 0.93917
720.75500, 0.00001, -0.18437, 0.39612, -0.89950, -2.67608, 2.01734, 0.93886
720.80500, 0.00002, -0.18197, 0.39095, -0.90225, -2.67308, 2.01867, 0.93948
720.85500, 0.00000, -0.17962, 0.38596, -0.90486, -2.67040, 2.02000, 0.94012
720.90500, 0.00000, -0.17565, 0.37741, -0.90923, -2.66298, 2.01959, 0.93993
720.95500, 0.00000, -0.17151, 0.36853, -0.91366, -2.65080, 2.01462, 0.93761
721.00500, 0.00001, -0.16750, 0.35989, -0.91784, -2.63428, 2.00555, 0.93338
721.05500, 0.00001, -0.16369, 0.35170, -0.92169, -2.61702, 1.99581, 0.92885
721.10500, 0.00001, -0.16057, 0.34498, -0.92477, -2.60032, 1.98589, 0.92422
721.15500, 0.00001, -0.15782, 0.33907, -0.92743, -2.58722, 1.97883, 0.92094
721.20500, 0.00001, -0.15463, 0.33221, -0.93044, -2.57893, 1.97690, 0.92004
721.25500, 0.00001, -0.15142, 0.32531, -0.93340, -2.57499, 1.97878, 0.92092
721.30500, -0.00000, -0.14902, 0.32026, -0.93554, -2.57268, 1.98046, 0.92172
721.35500, 0.00000, -0.14495, 0.31147, -0.93913, -2.56612, 1.98177, 0.92232
721.40500, 0.00000, -0.14061, 0.30213, -0.94284, -2.55427, 1.97949, 0.92126
721.45500, 0.00001, -0.13628, 0.29282, -0.94641, -2.53709, 1.97369, 0.91856
721.50500, 0.00001, -0.13236, 0.28438, -0.94953, -2.51834, 1.96654, 0.91523
721.55500, 0.00002, -0.12895, 0.27705, -0.95216, -2.49989, 1.95929, 0.91184
721.60500, 0.00002, -0.12626, 0.27125, -0.95419, -2.48486, 1.95344, 0.90912
721.65500, 0.00001, -0.12313, 0.26453, -0.95648, -2.47547, 1.95197, 0.90844
721.70500, 0.00002, -0.11980, 0.25739, -0.95885, -2.47141, 1.95414, 0.90945
721.75500, -0.00000, -0.11787, 0.25330, -0.96018, -2.46978, 1.95573, 0.91021
721.80500, 0.00000, -0.11423, 0.24545, -0.96266, -2.46595, 1.95844, 0.91147
721.85500, 0.00000, -0.10975, 0.23583, -0.96558, -2.45662, 1.95934, 0.91189
721.90500, 0.00000, -0.10505, 0.22572, -0.96851, -2.44120, 1.95761, 0.91108
721.95500, 0.00001, -0.10095, 0.21689, -0.97096, -2.42162, 1.95341, 0.90912
722.00500, 0.00002, -0.09705, 0.20850, -0.97320, -2.40186, 1.94923, 0.90716
722.05500, 0.00002, -0.09430, 0.20258, -0.97472, -2.38388, 1.94466, 0.90503
722.10500, 0.00002, -0.09140, 0.19636, -0.97626, -2.37179, 1.94306, 0.90429
722.15500, 0.00002, -0.08812, 0.18932, -0.97795, -2.36616, 1.94477, 0.90509
722.20500, 0.00002, -0.08572, 0.18414, -0.97916, -2.36430, 1.94709, 0.90616
722.25500, -0.00000, -0.08306, 0.17851, -0.98043, -2.36261, 1.94943, 0.90728
722.30500, -0.00000, -0.07856, 0.16882, -0.98251, -2.35606, 1.95248, 0.90870
722.35500, -0.00000, -0.07376, 0.15851, -0.98460, -2.34322, 1.95382, 0.90932
722.40500, 0.00001, -0.06929, 0.14887, -0.98643, -2.32423, 1.95310, 0.90897
722.45500, 0.00001, -0.06521, 0.14009, -0.98799, -2.30395, 1.95180, 0.90837
722.50500, 0.00002, -0.06205, 0.13329, -0.98913, -2.28419, 1.95004, 0.90753
722.55500, 0.00002, -0.05931, 0.12740, -0.99008, -2.26930, 1.94943, 0.90725
722.60500, 0.00002, -0.05617, 0.12067, -0.99110, -2.26136, 1.95126, 0.90810
722.65500, 0.00002, -0.05313, 0.11413, -0.99204, -2.25908, 1.95445, 0.90959
722.70500, -0.00001, -0.05063, 0.10885, -0.99277, -2.25784, 1.95688, 0.91075
722.75500, 0.00000, -0.04629, 0.09948, -0.99396, -2.25237, 1.96053, 0.91244
722.80500, 0.00000, -0.04193, 0.09010, -0.99505, -2.23972, 1.96286, 0.91352
722.85500, 0.00002, -0.03776, 0.08107, -0.99599, -2.22035, 1.96420, 0.91412
722.90500, 0.00003, -0.03369, 0.07231, -0.99681, -2.20004, 1.96584, 0.91487
722.95500, 0.00002, -0.03021, 0.06488, -0.99744, -2.18003, 1.96711, 0.91549
723.00500, 0.00002, -0.02733, 0.05870, -0.99790, -2.16411, 1.96843, 0.91609
723.05500, 0.00002, -0.02403, 0.05160, -0.99838, -2.15546, 1.97124, 0.91740
723.10500, 0.00002, -0.02059, 0.04421, -0.99881, -2.15316, 1.97495, 0.91913
723.15500, 0.00000, -0.01856, 0.03987, -0.99903, -2.15241, 1.97713, 0.92015
723.20500, 0.00000, -0.01466, 0.03149, -0.99940, -2.15053, 1.98126, 0.92208
723.25500, -0.00000, -0.00973, 0.02093, -0.99973, -2.14335, 1.98626, 0.92442
723.30500, -0.00000, -0.00481, 0.01035, -0.99993, -2.12879, 1.99120, 0.92672
723.35500, 0.00000, -0.00017, 0.00035, -1.00000, -2.11042, 1.99613, 0.92900
723.40500, 0.00001, 0.00387, -0.00832, -0.99996, -2.09086, 2.00075, 0.93116
723.45500, 0.00001, 0.00647, -0.01390, -0.99988, -2.07310, 2.00399, 0.93266
723.50500, 0.00001, 0.00855, -0.01838, -0.99979, -2.06192, 2.00662, 0.93388
723.55500, 0.00001, 0.01055, -0.02267, -0.99969, -2.05827, 2.00894, 0.93496
723.60500, 0.00001, 0.01137, -0.02444, -0.99964, -2.05816, 2.00985, 0.93539
723.65500, -0.00001, 0.01345, -0.02897, -0.99949, -2.05767, 2.01213, 0.93644
723.70500, -0.00002, 0.01754, -0.03781, -0.99913, -2.05233, 2.01703, 0.93871
723.75500, -0.00002, 0.02156, -0.04649, -0.99869, -2.03942, 2.02259, 0.94128
723.80500, 0.00002, 0.02510, -0.05424, -0.99821, -2.01911, 2.02860, 0.94404
723.85500, 0.00005, 0.02828, -0.06125, -0.99772, -1.99711, 2.03415, 0.94656
723.90500, 0.00001, 0.03194, -0.06863, -0.99713, -1.97839, 2.04023, 0.94953
723.95500, 0.00001, 0.03467, -0.07450, -0.99662, -1.96394, 2.04515, 0.95182
724.00500, 0.00001, 0.03708, -0.07967, -0.99613, -1.95702, 2.04873, 0.95349
724.05500, 0.00001, 0.03878, -0.08332, -0.99577, -1.95628, 2.05065, 0.95438
724.10500, -0.00003, 0.04007, -0.08611, -0.99548, -1.95615, 2.05202, 0.95502
724.15500, -0.00002, 0.04431, -0.09522, -0.99447, -1.95377, 2.05737, 0.95752
724.20500, -0.00002, 0.04907, -0.10544, -0.99321, -1.94575, 2.06455, 0.96085
724.25500, -0.00002, 0.05368, -0.11538, -0.99187, -1.93074, 2.07338, 0.96497
724.30500, -0.00000, 0.05682, -0.12227, -0.99087, -1.90999, 2.08227, 0.96906
724.35500, 0.00007, 0.05938, -0.12776, -0.99003, -1.88906, 2.09006, 0.97264
724.40500, 0.00001, 0.06176, -0.13271, -0.98923, -1.87410, 2.09643, 0.97569
724.45500, 0.00000, 0.06356, -0.13655, -0.98859, -1.86615, 2.10046, 0.97757
724.50500, 0.00000, 0.06449, -0.13855, -0.98825, -1.86488, 2.10181, 0.97820
724.55500, -0.00002, 0.06506, -0.13980, -0.98804, -1.86489, 2.10239, 0.97847
724.60500, -0.00002, 0.06893, -0.14812, -0.98656, -1.86406, 2.10722, 0.98072
724.65500, -0.00002, 0.07362, -0.15819, -0.98466, -1.85842, 2.11460, 0.98415
724.70500, -0.00002, 0.07829, -0.16824, -0.98263, -1.84602, 2.12448, 0.98875
724.75500, -0.00001, 0.08149, -0.17521, -0.98115, -1.82685, 2.13555, 0.99388
724.80500, 0.00007, 0.08358, -0.17990, -0.98013, -1.80488, 2.14582, 0.99856
724.85500, 0.00001, 0.08604, -0.18486, -0.97899, -1.78981, 2.15413, 1.00255
724.90500, 0.00000, 0.08786, -0.18878, -0.97808, -1.78097, 2.15959, 1.00509
724.95500, 0.00000, 0.08877, -0.19073, -0.97762, -1.77879, 2.16148, 1.00597
725.00500, -0.00000, 0.08878, -0.19075, -0.97762, -1.77881, 2.16148, 1.00597
725.05500, -0.00002, 0.09115, -0.19586, -0.97639, -1.77898, 2.16430, 1.00728
725.10500, -0.00002, 0.09535, -0.20490, -0.97413, -1.77596, 2.17087, 1.01034
725.15500, -0.00002, 0.10000, -0.21487, -0.97151, -1.76785, 2.18047, 1.01481
725.20500, -0.00002, 0.10411, -0.22373, -0.96908, -1.75330, 2.19283, 1.02056
725.25500, 0.00003, 0.10624, -0.22857, -0.96771, -1.73258, 2.20614, 1.02668
725.30500, 0.00008, 0.10821, -0.23265, -0.96652, -1.71486, 2.21685, 1.03166
725.35500, 0.00000, 0.11035, -0.23710, -0.96520, -1.70403, 2.22496, 1.03551
725.40500, 0.00000, 0.11157, -0.23972, -0.96441, -1.69935, 2.22900, 1.03740
725.45500, 0.00000, 0.11178, -0.24016, -0.96428, -1.69916, 2.22935, 1.03756
725.50500, -0.00002, 0.11359, -0.24409, -0.96308, -1.69945, 2.23152, 1.03857
725.55500, -0.00002, 0.11739, -0.25224, -0.96052, -1.69690, 2.23809, 1.04163
725.60500, -0.00002, 0.12175, -0.26161, -0.95746, -1.69004, 2.24808, 1.04628
725.65500, -0.00002, 0.12597, -0.27069, -0.95439, -1.67785, 2.26151, 1.05253
725.70500, 0.00002, 0.12824, -0.27574, -0.95264, -1.65927, 2.27666, 1.05953
725.75500, 0.00006, 0.12983, -0.27917, -0.95143, -1.64167, 2.28949, 1.06547
725.80500, 0.00002, 0.13163, -0.28283, -0.95010, -1.63106, 2.29866, 1.06980
725.85500, 0.00000, 0.13305, -0.28588, -0.94898, -1.62627, 2.30391, 1.07226
725.90500, 0.00000, 0.13340, -0.28663, -0.94871, -1.62598, 2.30462, 1.07259
725.95500, -0.00002, 0.13422, -0.28842, -0.94805, -1.62626, 2.30548, 1.07299
726.00500, -0.00002, 0.13759, -0.29564, -0.94534, -1.62522, 2.31120, 1.07565
726.05500, -0.00002, 0.14158, -0.30423, -0.94202, -1.62032, 2.32071, 1.08008
726.10500, -0.00001, 0.14593, -0.31357, -0.93828, -1.61129, 2.33422, 1.08637
726.15500, -0.00001, 0.14874, -0.31966, -0.93578, -1.59622, 2.35047, 1.09392
726.20500, 0.00006, 0.15014, -0.32286, -0.93446, -1.57816, 2.36659, 1.10135
726.25500, 0.00004, 0.15141, -0.32543, -0.93336, -1.56657, 2.37759, 1.10651
726.30500, 0.00001, 0.15248, -0.32763, -0.93242, -1.56059, 2.38413, 1.10959
726.35500, 0.00000, 0.15262, -0.32793, -0.93229, -1.55929, 2.38543, 1.11020
726.40500, -0.00001, 0.15267, -0.32803, -0.93225, -1.55930, 2.38546, 1.11021
726.45500, -0.00002, 0.15506, -0.33319, -0.93002, -1.55971, 2.38889, 1.11181
726.50500, -0.00002, 0.15869, -0.34099, -0.92657, -1.55731, 2.39691, 1.11554
726.55500, -0.00002, 0.16286, -0.34994, -0.92251, -1.55149, 2.40914, 1.12123
726.60500, -0.00001, 0.16655, -0.35789, -0.91879, -1.54107, 2.42533, 1.12877
726.65500, 0.00004, 0.16824, -0.36168, -0.91700, -1.52476, 2.44402, 1.13742
726.70500, 0.00004, 0.16941, -0.36417, -0.91579, -1.51114, 2.45846, 1.14414
726.75500, 0.00003, 0.16985, -0.36507, -0.91535, -1.50292, 2.46720, 1.14822
726.80500, 0.00003, 0.16982, -0.36501, -0.91538, -1.49947, 2.47055, 1.14978
726.85500, 0.00002, 0.16981, -0.36497, -0.91540, -1.49938, 2.47061, 1.14981
726.90500, -0.00002, 0.17121, -0.36790, -0.91397, -1.49981, 2.47234, 1.15065
726.95500, -0.00002, 0.17446, -0.37487, -0.91052, -1.49864, 2.47946, 1.15397
727.00500, -0.00002, 0.17827, -0.38305, -0.90636, -1.49452, 2.49092, 1.15930
727.05500, -0.00001, 0.18222, -0.39156, -0.90193, -1.48706, 2.50679, 1.16669
727.10500, 0.00000, 0.18445, -0.39640, -0.89936, -1.47405, 2.52592, 1.17557
727.15500, 0.00005, 0.18543, -0.39861, -0.89818, -1.45971, 2.54386, 1.18388
727.20500, 0.00004, 0.18566, -0.39909, -0.89792, -1.45075, 2.55524, 1.18918
727.25500, 0.00004, 0.18563, -0.39901, -0.89796, -1.44622, 2.56044, 1.19161
727.30500, 0.00003, 0.18562, -0.39895, -0.89799, -1.44567, 2.56103, 1.19189
727.35500, -0.00001, 0.18641, -0.40060, -0.89709, -1.44598, 2.56195, 1.19234
727.40500, -0.00001, 0.18936, -0.40689, -0.89364, -1.44562, 2.56824, 1.19528
727.45500, -0.00001, 0.19292, -0.41454, -0.88935, -1.44284, 2.57914, 1.20035
727.50500, -0.00001, 0.19688, -0.42306, -0.88445, -1.43750, 2.59469, 1.20759
727.55500, -0.00001, 0.19947, -0.42865, -0.88118, -1.42739, 2.61396, 1.21656
727.60500, 0.00005, 0.20030, -0.43056, -0.88006, -1.41388, 2.63434, 1.22599
727.65500, 0.00005, 0.20050, -0.43098, -0.87980, -1.40510, 2.64784, 1.23228
727.70500, 0.00004, 0.20049, -0.43093, -0.87983, -1.40033, 2.65440, 1.23534
727.75500, 0.00003, 0.20047, -0.43087, -0.87986, -1.39942, 2.65558, 1.23590
727.80500, 0.00002, 0.20056, -0.43107, -0.87975, -1.39945, 2.65565, 1.23593
727.85500, -0.00001, 0.20282, -0.43582, -0.87688, -1.40005, 2.65952, 1.23777
727.90500, -0.00001, 0.20620, -0.44308, -0.87245, -1.39934, 2.66825, 1.24183
727.95500, -0.00001, 0.21014, -0.45155, -0.86715, -1.39682, 2.68180, 1.24814
728.00500, -0.00001, 0.21353, -0.45883, -0.86249, -1.39082, 2.70003, 1.25662
728.05500, 0.00003, 0.21501, -0.46209, -0.86037, -1.37989, 2.72181, 1.26673
728.10500, 0.00004, 0.21522, -0.46256, -0.86007, -1.37015, 2.73977, 1.27507
728.15500, 0.00004, 0.21523, -0.46260, -0.86005, -1.36446, 2.74994, 1.27981
728.20500, 0.00004, 0.21522, -0.46254, -0.86008, -1.36230, 2.75344, 1.28144
728.25500, 0.00003, 0.21520, -0.46250, -0.86011, -1.36226, 2.75345, 1.28145
728.30500, -0.00001, 0.21663, -0.46548, -0.85814, -1.36297, 2.75564, 1.28250
728.35500, -0.00001, 0.21979, -0.47227, -0.85361, -1.36351, 2.76285, 1.28586
728.40500, -0.00001, 0.22369, -0.48066, -0.84790, -1.36293, 2.77444, 1.29125
728.45500, -0.00001, 0.22746, -0.48876, -0.84224, -1.35970, 2.79136, 1.29913
728.50500, -0.00001, 0.22964, -0.49346, -0.83891, -1.35240, 2.81246, 1.30895
728.55500, 0.00004, 0.22989, -0.49406, -0.83848, -1.34297, 2.83373, 1.31881
728.60500, 0.00004, 0.22989, -0.49407, -0.83848, -1.33723, 2.84718, 1.32507
728.65500, 0.00004, 0.22990, -0.49407, -0.83848, -1.33453, 2.85297, 1.32777
728.70500, 0.00003, 0.22989, -0.49404, -0.83850, -1.33428, 2.85342, 1.32798
728.75500, -0.00001, 0.23040, -0.49510, -0.83773, -1.33464, 2.85404, 1.32829
728.80500, -0.00001, 0.23310, -0.50088, -0.83354, -1.33609, 2.85943, 1.33081
728.85500, -0.00001, 0.23670, -0.50860, -0.82783, -1.33702, 2.86917, 1.33534
728.90500, -0.00001, 0.24065, -0.51710, -0.82140, -1.33655, 2.88416, 1.34232
728.95500, -0.00001, 0.24343, -0.52309, -0.81677, -1.33278, 2.90402, 1.35156
729.00500, 0.00004, 0.24422, -0.52480, -0.81544, -1.32512, 2.92734, 1.36238
729.05500, 0.00004, 0.24423, -0.52485, -0.81540, -1.31947, 2.94430, 1.37028
729.10500, 0.00004, 0.24423, -0.52485, -0.81540, -1.31634, 2.95347, 1.37455
729.15500, 0.00003, 0.24423, -0.52483, -0.81541, -1.31561, 2.95541, 1.37545
729.20500, 0.00002, 0.24426, -0.52489, -0.81537, -1.31562, 2.95541, 1.37546
729.25500, -0.00001, 0.24613, -0.52887, -0.81223, -1.31720, 2.95846, 1.37690
729.30500, -0.00001, 0.24931, -0.53571, -0.80676, -1.31918, 2.96626, 1.38053
729.35500, -0.00001, 0.25313, -0.54390, -0.80006, -1.32074, 2.97875, 1.38634
729.40500, -0.00001, 0.25648, -0.55112, -0.79403, -1.32024, 2.99689, 1.39478
729.45500, 0.00000, 0.25817, -0.55489, -0.79085, -1.31625, 3.01960, 1.40537
729.50500, 0.00003, 0.25816, -0.55477, -0.79094, -1.31069, 3.04065, 1.41512
729.55500, 0.00003, 0.25816, -0.55477, -0.79094, -1.30752, 3.05291, 1.42083
729.60500, 0.00003, 0.25816, -0.55475, -0.79095, -1.30621, 3.05744, 1.42294
729.65500, 0.00003, 0.25815, -0.55473, -0.79097, -1.30617, 3.05753, 1.42298
729.70500, -0.00001, 0.25930, -0.55717, -0.78888, -1.30740, 3.05913, 1.42375
729.75500, -0.00001, 0.26220, -0.56340, -0.78348, -1.31013, 3.06554, 1.42674
729.80500, -0.00001, 0.26577, -0.57107, -0.77669, -1.31295, 3.07648, 1.43183
729.85500, -0.00001, 0.26933, -0.57876, -0.76974, -1.31486, 3.09307, 1.43956
729.90500, -0.00000, 0.27150, -0.58346, -0.76542, -1.31397, 3.11463, 1.44959
729.95500, 0.00003, 0.27171, -0.58387, -0.76503, -1.31006, 3.13792, 1.46040
730.00500, 0.00003, 0.27173, -0.58392, -0.76499, -1.30759, 3.15233, 1.46711
730.05500, 0.00003, 0.27173, -0.58390, -0.76500, -1.30635, 3.15880, 1.47012
730.10500, 0.00002, 0.27172, -0.58388, -0.76501, -1.30620, 3.15951, 1.47045
730.15500, -0.00001, 0.27205, -0.58457, -0.76437, -1.30658, 3.15985, 1.47063
730.20500, -0.00001, 0.27439, -0.58960, -0.75966, -1.30947, 3.16435, 1.47272
730.25500, -0.00001, 0.27749, -0.59626, -0.75330, -1.31291, 3.17354, 1.47700
730.30500, -0.00001, 0.28104, -0.60392, -0.74586, -1.31665, 3.18779, 1.48363
730.35500, -0.00000, 0.28369, -0.60968, -0.74014, -1.31869, 3.20745, 1.49280
730.40500, 0.00002, 0.28461, -0.61171, -0.73811, -1.31783, 3.23149, 1.50398
730.45500, 0.00003, 0.28452, -0.61139, -0.73841, -1.31597, 3.24992, 1.51253
730.50500, 0.00003, 0.28452, -0.61137, -0.73843, -1.31503, 3.25924, 1.51686
730.55500, 0.00002, 0.28452, -0.61136, -0.73843, -1.31478, 3.26176, 1.51804
730.60500, 0.00001, 0.28455, -0.61143, -0.73836, -1.31479, 3.26175, 1.51804
730.65500, -0.00001, 0.28621, -0.61500, -0.73475, -1.31722, 3.26461, 1.51939
730.70500, -0.00001, 0.28891, -0.62080, -0.72879, -1.32105, 3.27242, 1.52302
730.75500, -0.00001, 0.29203, -0.62751, -0.72176, -1.32550, 3.28537, 1.52905
730.80500, 0.00000, 0.29478, -0.63357, -0.71533, -1.32952, 3.30395, 1.53772
730.85500, 0.00001, 0.29610, -0.63646, -0.71221, -1.33133, 3.32767, 1.54876
730.90500, 0.00002, 0.29598, -0.63599, -0.71268, -1.33074, 3.34968, 1.55896
730.95500, 0.00003, 0.29598, -0.63600, -0.71267, -1.33055, 3.36204, 1.56471
