0.00000, 0.00000, 0.00000, 1.00000, 0.00000, 0.00000, 0.00000
0.00020, -0.00135, 0.00102, 1.00000, 0.07426, -0.00247, -0.00225
0.00152, -0.00308, 0.00203, 0.99999, 0.13978, -0.00062, -0.00699
0.00149, -0.00480, 0.00378, 0.99998, 0.21511, -0.00552, -0.00815
0.00116, -0.00673, 0.00537, 0.99996, 0.29199, -0.01090, -0.00857
0.00126, -0.00774, 0.00644, 0.99995, 0.36403, -0.01187, -0.00945
0.00026, -0.00953, 0.00843, 0.99992, 0.43171, -0.01894, -0.00848
0.00169, -0.01537, 0.01767, 0.99972, 0.57737, 0.00050, -0.01258
0.00165, -0.01754, 0.02366, 0.99956, 0.69226, 0.01132, -0.00900
0.00148, -0.01901, 0.02997, 0.99937, 0.79965, 0.01399, -0.00145
0.00103, -0.01991, 0.03401, 0.99922, 0.89096, 0.01566, 0.00399
0.00074, -0.02141, 0.03799, 0.99905, 0.98898, 0.01940, 0.00706
0.00070, -0.02316, 0.04207, 0.99885, 1.07543, 0.02616, 0.01260
0.00035, -0.02461, 0.04550, 0.99866, 1.16837, 0.03128, 0.01786
0.00044, -0.02652, 0.04927, 0.99843, 1.26844, 0.04134, 0.02177
0.00028, -0.02823, 0.05321, 0.99818, 1.35955, 0.04954, 0.02680
0.00016, -0.02957, 0.05615, 0.99798, 1.44841, 0.05925, 0.03221
0.00021, -0.03156, 0.06040, 0.99768, 1.54906, 0.06807, 0.03623
0.00021, -0.03318, 0.06392, 0.99740, 1.64354, 0.07836, 0.04138
0.00023, -0.03449, 0.06698, 0.99716, 1.73564, 0.09241, 0.04813
0.00022, -0.03646, 0.07113, 0.99680, 1.82767, 0.10266, 0.05251
0.00011, -0.03791, 0.07451, 0.99650, 1.91774, 0.11440, 0.05890
0.00010, -0.03906, 0.07702, 0.99626, 2.00916, 0.12777, 0.06597
0.00006, -0.04104, 0.08120, 0.99585, 2.10557, 0.14234, 0.07255
-0.00000, -0.04227, 0.08456, 0.99552, 2.19728, 0.15371, 0.07968
-0.00002, -0.04375, 0.08754, 0.99520, 2.29071, 0.17010, 0.08654
-0.00003, -0.04555, 0.09125, 0.99479, 2.38289, 0.18536, 0.09329
0.00013, -0.04687, 0.09426, 0.99444, 2.47037, 0.20230, 0.10197
0.00007, -0.04833, 0.09733, 0.99408, 2.56837, 0.21889, 0.10871
-0.00003, -0.05002, 0.10083, 0.99365, 2.65950, 0.23703, 0.11656
0.00012, -0.05133, 0.10359, 0.99329, 2.74625, 0.25528, 0.12517
0.00016, -0.05283, 0.10678, 0.99288, 2.84417, 0.27554, 0.13421
0.00014, -0.05437, 0.10977, 0.99247, 2.93341, 0.29500, 0.14249
0.00021, -0.05514, 0.11149, 0.99223, 3.01601, 0.31358, 0.15082
-0.00002, -0.05517, 0.11160, 0.99222, 3.02519, 0.31594, 0.15193
0.00018, -0.05522, 0.11148, 0.99223, 3.02515, 0.31700, 0.15159
0.00016, -0.05525, 0.11153, 0.99222, 3.02824, 0.31722, 0.15122
0.00026, -0.05526, 0.11153, 0.99222, 3.03122, 0.31873, 0.15156
0.00033, -0.05526, 0.11138, 0.99224, 3.03169, 0.31969, 0.15120
0.00021, -0.05522, 0.11153, 0.99223, 3.03376, 0.31946, 0.15201
0.00017, -0.05525, 0.11145, 0.99223, 3.03457, 0.32099, 0.15168
0.00019, -0.05528, 0.11141, 0.99224, 3.03660, 0.32231, 0.15196
0.00027, -0.05526, 0.11145, 0.99223, 3.03818, 0.32361, 0.15197
0.00023, -0.05532, 0.11145, 0.99223, 3.04087, 0.32534, 0.15189
0.00026, -0.05534, 0.11151, 0.99222, 3.04115, 0.32598, 0.15225
0.00029, -0.05532, 0.11140, 0.99223, 3.04318, 0.32760, 0.15258
0.00041, -0.05542, 0.11141, 0.99223, 3.04549, 0.32947, 0.15190
0.00033, -0.05540, 0.11145, 0.99222, 3.04750, 0.33050, 0.15254
0.00038, -0.05546, 0.11142, 0.99222, 3.04893, 0.33169, 0.15197
0.00045, -0.05550, 0.11142, 0.99222, 3.05087, 0.33337, 0.15220
0.00043, -0.05326, 0.10667, 0.99287, 3.09553, 0.34139, 0.15667
0.00065, -0.05159, 0.10292, 0.99335, 3.18354, 0.36041, 0.16483
0.00067, -0.04907, 0.09753, 0.99402, 3.28264, 0.37833, 0.17347
0.00078, -0.04727, 0.09336, 0.99451, 3.37596, 0.39581, 0.18113
0.00084, -0.04565, 0.08970, 0.99492, 3.46890, 0.41350, 0.18922
0.00093, -0.04324, 0.08415, 0.99551, 3.56898, 0.42920, 0.19587
0.00101, -0.04121, 0.07983, 0.99596, 3.66490, 0.44479, 0.20360
0.00114, -0.03944, 0.07572, 0.99635, 3.75830, 0.45955, 0.20992
0.00094, -0.03664, 0.06976, 0.99689, 3.86747, 0.47278, 0.21648
0.00109, -0.03284, 0.06157, 0.99756, 4.04954, 0.49561, 0.22795
0.00103, -0.03034, 0.05597, 0.99797, 4.14636, 0.50555, 0.23255
0.00125, -0.02851, 0.05181, 0.99825, 4.23602, 0.51430, 0.23676
0.00138, -0.02611, 0.04673, 0.99857, 4.33716, 0.52343, 0.24055
0.00146, -0.02384, 0.04149, 0.99885, 4.43195, 0.53113, 0.24424
0.00156, -0.02199, 0.03731, 0.99906, 4.52256, 0.53947, 0.24747
0.00156, -0.01931, 0.03150, 0.99932, 4.62525, 0.54339, 0.25039
0.00172, -0.01520, 0.02225, 0.99964, 4.81078, 0.54995, 0.25392
0.00166, -0.00989, 0.01094, 0.99989, 5.00566, 0.55150, 0.25585
0.00155, -0.00785, 0.00652, 0.99995, 5.10098, 0.55286, 0.25671
0.00158, -0.00484, 0.00011, 0.99999, 5.20032, 0.55177, 0.25672
0.00152, -0.00265, -0.00466, 0.99998, 5.29092, 0.55104, 0.25679
0.00161, -0.00039, -0.00964, 0.99995, 5.38805, 0.54691, 0.25512
0.00165, 0.00245, -0.01579, 0.99987, 5.48655, 0.54214, 0.25415
0.00168, 0.00458, -0.02045, 0.99978, 5.57575, 0.53757, 0.25223
0.00156, 0.00720, -0.02633, 0.99963, 5.67735, 0.53148, 0.25022
0.00175, 0.00978, -0.03214, 0.99943, 5.77381, 0.52651, 0.24814
0.00183, 0.01178, -0.03656, 0.99926, 5.86162, 0.51889, 0.24530
0.00175, 0.01466, -0.04288, 0.99897, 5.96283, 0.50911, 0.24162
0.00173, 0.01697, -0.04807, 0.99870, 6.05866, 0.50111, 0.23797
0.00187, 0.01909, -0.05254, 0.99843, 6.14809, 0.49276, 0.23489
0.00188, 0.02210, -0.05903, 0.99801, 6.24682, 0.47953, 0.22934
0.00179, 0.02438, -0.06400, 0.99765, 6.33940, 0.46752, 0.22461
0.00188, 0.02676, -0.06902, 0.99725, 6.43431, 0.45326, 0.21847
0.00204, 0.02981, -0.07569, 0.99668, 6.53117, 0.43732, 0.21116
0.00200, 0.03194, -0.08040, 0.99625, 6.62182, 0.42227, 0.20489
0.00206, 0.03440, -0.08568, 0.99573, 6.71799, 0.40562, 0.19712
0.00202, 0.03729, -0.09196, 0.99506, 6.81033, 0.38668, 0.18892
0.00205, 0.03946, -0.09671, 0.99453, 6.89713, 0.36518, 0.17983
0.00188, 0.04252, -0.10313, 0.99376, 6.99494, 0.34088, 0.16880
0.00189, 0.04515, -0.10879, 0.99304, 7.08560, 0.31746, 0.15740
0.00195, 0.04731, -0.11338, 0.99242, 7.17248, 0.29667, 0.14842
0.00214, 0.05043, -0.12007, 0.99148, 7.27003, 0.26999, 0.13607
0.00204, 0.05282, -0.12517, 0.99073, 7.35581, 0.24445, 0.12468
0.00192, 0.05514, -0.12991, 0.98999, 7.44809, 0.22250, 0.11565
0.00207, 0.05827, -0.13643, 0.98893, 7.54128, 0.19931, 0.10516
0.00184, 0.06033, -0.14104, 0.98816, 7.62842, 0.17429, 0.09455
0.00175, 0.06258, -0.14609, 0.98729, 7.72121, 0.15064, 0.08404
0.00142, 0.06547, -0.15202, 0.98621, 7.81100, 0.11936, 0.07009
0.00163, 0.06738, -0.15633, 0.98540, 7.89599, 0.09086, 0.05747
0.00178, 0.06999, -0.16196, 0.98431, 7.98951, 0.05798, 0.04176
0.00185, 0.07252, -0.16733, 0.98323, 8.07796, 0.02505, 0.02731
0.00172, 0.07436, -0.17119, 0.98243, 8.15812, -0.00653, 0.01333
0.00157, 0.07713, -0.17701, 0.98118, 8.25134, -0.04294, -0.00301
0.00145, 0.07933, -0.18172, 0.98014, 8.33677, -0.07784, -0.01862
0.00142, 0.08112, -0.18560, 0.97927, 8.41884, -0.11172, -0.03435
0.00146, 0.08400, -0.19158, 0.97787, 8.50839, -0.15103, -0.05197
0.00139, 0.08610, -0.19596, 0.97682, 8.58968, -0.18799, -0.06919
0.00165, 0.08793, -0.20004, 0.97583, 8.67371, -0.22353, -0.08539
0.00172, 0.09047, -0.20568, 0.97443, 8.75880, -0.26271, -0.10285
0.00187, 0.09250, -0.20979, 0.97336, 8.83861, -0.30016, -0.12066
0.00203, 0.09454, -0.21411, 0.97222, 8.92392, -0.33952, -0.13914
0.00232, 0.09446, -0.21397, 0.97226, 8.94114, -0.34587, -0.14245
0.00231, 0.09444, -0.21395, 0.97227, 8.94029, -0.34475, -0.14222
0.00249, 0.09445, -0.21386, 0.97228, 8.93936, -0.34252, -0.14237
0.00254, 0.09442, -0.21386, 0.97229, 8.93803, -0.34043, -0.14172
0.00251, 0.09451, -0.21386, 0.97228, 8.93525, -0.33876, -0.14153
0.00264, 0.09449, -0.21375, 0.97230, 8.93519, -0.33619, -0.14131
0.00264, 0.09449, -0.21376, 0.97230, 8.93391, -0.33430, -0.14123
0.00281, 0.09457, -0.21372, 0.97230, 8.93256, -0.33267, -0.14162
0.00284, 0.09457, -0.21371, 0.97230, 8.93131, -0.33033, -0.14132
0.00292, 0.09457, -0.21373, 0.97230, 8.93086, -0.32895, -0.14150
0.00302, 0.09464, -0.21370, 0.97230, 8.92944, -0.32710, -0.14156
0.00316, 0.09459, -0.21374, 0.97229, 8.92855, -0.32497, -0.14181
0.00322, 0.09873, -0.22287, 0.96983, 8.94371, -0.33590, -0.14760
0.00317, 0.10899, -0.24479, 0.96343, 9.02062, -0.38549, -0.17150
0.00339, 0.11697, -0.26103, 0.95821, 9.09453, -0.43899, -0.19705
0.00367, 0.12225, -0.27199, 0.95450, 9.16344, -0.48592, -0.21917
0.00352, 0.12731, -0.28291, 0.95065, 9.23359, -0.53867, -0.24363
0.00368, 0.13267, -0.29378, 0.94661, 9.30117, -0.58962, -0.26742
0.00369, 0.13573, -0.30036, 0.94411, 9.36301, -0.63623, -0.29014
0.00378, 0.14169, -0.31262, 0.93924, 9.42972, -0.69378, -0.31805
0.00393, 0.14586, -0.32163, 0.93556, 9.49347, -0.74716, -0.34339
0.00403, 0.14920, -0.32845, 0.93265, 9.55390, -0.79951, -0.37009
0.00412, 0.15337, -0.33717, 0.92886, 9.61600, -0.85610, -0.39641
0.00394, 0.15620, -0.34342, 0.92609, 9.67220, -0.90633, -0.41965
0.00395, 0.16031, -0.35196, 0.92218, 9.73393, -0.96434, -0.44813
0.00417, 0.16441, -0.36067, 0.91808, 9.79326, -1.02313, -0.47613
0.00411, 0.16822, -0.36887, 0.91412, 9.85279, -1.08533, -0.50526
0.00400, 0.17254, -0.37800, 0.90958, 9.91057, -1.14773, -0.53557
0.00420, 0.17719, -0.38781, 0.90454, 9.96894, -1.21386, -0.56714
0.00410, 0.18045, -0.39481, 0.90086, 10.01544, -1.27036, -0.59339
0.00409, 0.18321, -0.40084, 0.89763, 10.06320, -1.33556, -0.62365
0.00389, 0.18716, -0.40920, 0.89303, 10.11546, -1.39995, -0.65306
0.00391, 0.19091, -0.41739, 0.88844, 10.16588, -1.46390, -0.68289
0.00381, 0.19662, -0.42953, 0.88138, 10.21839, -1.53797, -0.71764
0.00371, 0.20090, -0.43874, 0.87586, 10.26393, -1.60674, -0.74947
0.00363, 0.20499, -0.44766, 0.87038, 10.30904, -1.67641, -0.78283
0.00364, 0.21033, -0.45919, 0.86307, 10.35579, -1.75108, -0.81762
0.00357, 0.21156, -0.46184, 0.86136, 10.37472, -1.79026, -0.83563
0.00352, 0.21148, -0.46185, 0.86137, 10.37272, -1.78998, -0.83451
0.00354, 0.21143, -0.46181, 0.86140, 10.36994, -1.78817, -0.83391
0.00347, 0.21132, -0.46170, 0.86149, 10.36847, -1.78518, -0.83212
0.00328, 0.21118, -0.46173, 0.86151, 10.36888, -1.78594, -0.83175
0.00313, 0.21108, -0.46159, 0.86161, 10.36567, -1.78350, -0.83045
0.00305, 0.21098, -0.46159, 0.86163, 10.36431, -1.78234, -0.82964
0.00303, 0.21095, -0.46147, 0.86171, 10.36079, -1.78070, -0.82965
0.00304, 0.21095, -0.46147, 0.86170, 10.35988, -1.77980, -0.82906
0.00294, 0.21100, -0.46154, 0.86166, 10.35904, -1.77933, -0.82887
0.00284, 0.21093, -0.46152, 0.86169, 10.35755, -1.77852, -0.82823
0.00280, 0.21090, -0.46149, 0.86171, 10.35595, -1.77700, -0.82780
0.00271, 0.21088, -0.46150, 0.86171, 10.35479, -1.77643, -0.82704
0.00265, 0.21086, -0.46151, 0.86171, 10.35295, -1.77577, -0.82692
0.00255, 0.21082, -0.46146, 0.86174, 10.35152, -1.77411, -0.82611
0.00252, 0.21078, -0.46149, 0.86174, 10.35069, -1.77351, -0.82565
0.00238, 0.21071, -0.46152, 0.86174, 10.34839, -1.77263, -0.82443
0.00232, 0.21070, -0.46148, 0.86176, 10.34613, -1.77120, -0.82415
0.00223, 0.21068, -0.46148, 0.86177, 10.34528, -1.77008, -0.82348
0.00216, 0.21070, -0.46146, 0.86177, 10.34181, -1.76857, -0.82314
0.00188, 0.19854, -0.43587, 0.87784, 10.37574, -1.81480, -0.84491
0.00116, 0.19013, -0.41762, 0.88850, 10.41807, -1.87905, -0.87259
0.00111, 0.18161, -0.39968, 0.89848, 10.46399, -1.93894, -0.89911
0.00106, 0.17055, -0.37619, 0.91071, 10.51387, -1.99635, -0.92751
0.00082, 0.16138, -0.35711, 0.92001, 10.56433, -2.05366, -0.95238
0.00055, 0.15093, -0.33482, 0.93011, 10.62169, -2.10878, -0.97683
0.00036, 0.14013, -0.31235, 0.93957, 10.67267, -2.16062, -1.00008
-0.00016, 0.13186, -0.29450, 0.94651, 10.72858, -2.20927, -1.02129
-0.00067, 0.11888, -0.26662, 0.95644, 10.79233, -2.25992, -1.04300
-0.00057, 0.10921, -0.24624, 0.96304, 10.84558, -2.30473, -1.06430
-0.00120, 0.09926, -0.22511, 0.96926, 10.91066, -2.35066, -1.08139
-0.00163, 0.08380, -0.19229, 0.97775, 10.97321, -2.39531, -1.09929
-0.00154, 0.07238, -0.16768, 0.98318, 11.03178, -2.42730, -1.11553
-0.00218, 0.05999, -0.14168, 0.98809, 11.09830, -2.46184, -1.12576
-0.00245, 0.02936, -0.07530, 0.99673, 11.24382, -2.52997, -1.15733
-0.00355, 0.01787, -0.05018, 0.99857, 11.30179, -2.55062, -1.16167
-0.00378, 0.00125, -0.01422, 0.99989, 11.37935, -2.56785, -1.16863
-0.00366, -0.01089, 0.01266, 0.99985, 11.45430, -2.57739, -1.17482
-0.00387, -0.02316, 0.03936, 0.99895, 11.52630, -2.58132, -1.17588
-0.00428, -0.03745, 0.07058, 0.99679, 11.60239, -2.58332, -1.17541
-0.00441, -0.04754, 0.09225, 0.99459, 11.68147, -2.57645, -1.17038
-0.00547, -0.08040, 0.16461, 0.98306, 11.91491, -2.53313, -1.14477
-0.00538, -0.09353, 0.19288, 0.97674, 11.99665, -2.50329, -1.13040
-0.00546, -0.10384, 0.21497, 0.97107, 12.07215, -2.46956, -1.11382
-0.00563, -0.11104, 0.23060, 0.96668, 12.13609, -2.43408, -1.09553
-0.00611, -0.12074, 0.25214, 0.96011, 12.21297, -2.38994, -1.07131
-0.00599, -0.12808, 0.26801, 0.95485, 12.28459, -2.34520, -1.05190
-0.00629, -0.13421, 0.28204, 0.94995, 12.35084, -2.29587, -1.02765
-0.00627, -0.14319, 0.30140, 0.94266, 12.41937, -2.24047, -1.00296
-0.00636, -0.14970, 0.31545, 0.93704, 12.48402, -2.18506, -0.97701
-0.00650, -0.15553, 0.32829, 0.93166, 12.54540, -2.12451, -0.94849
-0.00680, -0.16314, 0.34566, 0.92404, 12.61113, -2.06156, -0.91930
-0.00716, -0.16847, 0.35709, 0.91872, 12.66838, -2.00201, -0.88908
-0.00744, -0.17452, 0.37070, 0.91218, 12.72544, -1.93026, -0.85402
-0.00731, -0.18127, 0.38491, 0.90495, 12.78154, -1.85922, -0.82219
-0.00713, -0.18580, 0.39511, 0.89962, 12.83203, -1.78814, -0.79212
-0.00752, -0.19126, 0.40776, 0.89280, 12.88100, -1.70619, -0.75298
-0.00753, -0.19592, 0.41796, 0.88706, 12.93015, -1.63073, -0.71835
-0.00769, -0.19953, 0.42581, 0.88250, 12.97731, -1.55541, -0.68393
-0.00774, -0.20421, 0.43714, 0.87587, 13.02498, -1.46646, -0.64620
-0.00789, -0.20767, 0.44502, 0.87107, 13.06969, -1.38449, -0.60877
-0.00778, -0.21115, 0.45238, 0.86643, 13.11115, -1.30308, -0.57275
-0.00795, -0.21518, 0.46166, 0.86053, 13.15599, -1.21021, -0.53165
-0.00796, -0.21836, 0.46901, 0.85573, 13.19524, -1.12230, -0.49368
-0.00791, -0.22147, 0.47563, 0.85127, 13.23334, -1.03517, -0.45346
-0.00800, -0.22464, 0.48293, 0.84632, 13.27250, -0.94022, -0.41165
-0.00807, -0.22723, 0.48831, 0.84253, 13.30586, -0.85509, -0.37177
-0.00806, -0.23008, 0.49476, 0.83798, 13.34494, -0.75146, -0.32598
-0.00798, -0.23261, 0.50029, 0.83399, 13.38499, -0.65374, -0.28219
-0.00804, -0.23481, 0.50505, 0.83049, 13.41413, -0.56516, -0.24211
-0.00797, -0.23703, 0.50979, 0.82696, 13.45056, -0.46599, -0.19852
-0.00797, -0.23916, 0.51428, 0.82356, 13.48605, -0.36599, -0.15284
-0.00788, -0.24081, 0.51801, 0.82074, 13.50995, -0.28198, -0.11495
-0.00787, -0.24295, 0.52218, 0.81746, 13.54323, -0.17429, -0.06478
-0.00793, -0.24447, 0.52555, 0.81484, 13.57323, -0.07706, -0.02076
-0.00779, -0.24613, 0.52900, 0.81211, 13.59535, 0.01151, 0.01782
-0.00797, -0.24749, 0.53190, 0.80979, 13.62692, 0.12156, 0.07029
-0.00770, -0.24931, 0.53521, 0.80705, 13.65488, 0.21681, 0.11230
-0.00762, -0.25077, 0.53840, 0.80448, 13.68147, 0.30909, 0.15286
-0.00777, -0.25164, 0.54048, 0.80280, 13.71100, 0.41755, 0.20269
-0.00774, -0.25294, 0.54307, 0.80065, 13.73537, 0.51410, 0.24779
-0.00763, -0.25388, 0.54459, 0.79931, 13.75902, 0.61674, 0.29605
-0.00760, -0.25449, 0.54618, 0.79804, 13.78849, 0.72092, 0.34143
-0.00759, -0.25586, 0.54869, 0.79588, 13.81066, 0.81976, 0.38830
-0.00730, -0.25643, 0.54916, 0.79537, 13.83615, 0.92666, 0.43895
-0.00733, -0.25710, 0.55052, 0.79421, 13.85810, 1.02878, 0.48745
-0.00736, -0.25774, 0.55214, 0.79288, 13.88205, 1.13034, 0.53229
-0.00707, -0.25796, 0.55206, 0.79286, 13.90821, 1.24758, 0.58473
-0.00702, -0.25861, 0.55300, 0.79200, 13.92837, 1.34218, 0.63013
-0.00706, -0.25954, 0.55493, 0.79034, 13.94733, 1.44520, 0.67747
-0.00699, -0.25989, 0.55563, 0.78974, 13.97161, 1.55924, 0.72875
-0.00692, -0.26019, 0.55591, 0.78944, 13.97375, 1.60693, 0.75103
-0.00677, -0.26029, 0.55577, 0.78951, 13.97029, 1.60621, 0.75168
-0.00673, -0.26043, 0.55579, 0.78945, 13.96022, 1.60879, 0.75351
-0.00667, -0.26064, 0.55583, 0.78936, 13.95250, 1.60949, 0.75409
-0.00665, -0.26078, 0.55575, 0.78936, 13.94712, 1.60960, 0.75568
-0.00660, -0.26085, 0.55575, 0.78934, 13.94226, 1.60993, 0.75676
-0.00655, -0.26092, 0.55557, 0.78944, 13.93575, 1.60891, 0.75720
-0.00648, -0.26103, 0.55554, 0.78943, 13.93166, 1.60824, 0.75724
-0.00639, -0.26130, 0.55563, 0.78927, 13.92358, 1.60994, 0.75936
-0.00626, -0.26146, 0.55561, 0.78924, 13.91955, 1.61012, 0.76002
-0.00616, -0.26154, 0.55556, 0.78925, 13.91381, 1.61019, 0.76004
-0.00606, -0.26173, 0.55554, 0.78920, 13.90851, 1.61156, 0.76209
-0.00603, -0.26183, 0.55565, 0.78909, 13.90138, 1.61386, 0.76336
-0.00594, -0.26199, 0.55557, 0.78910, 13.89745, 1.61330, 0.76416
-0.00580, -0.26214, 0.55562, 0.78901, 13.89038, 1.61517, 0.76496
-0.00594, -0.26562, 0.56377, 0.78203, 13.88760, 1.67512, 0.79323
-0.00574, -0.26864, 0.56969, 0.77669, 13.92111, 1.82343, 0.86195
-0.00555, -0.27339, 0.57974, 0.76755, 13.94937, 1.99536, 0.94067
-0.00557, -0.27874, 0.59103, 0.75694, 13.97311, 2.14467, 1.01204
-0.00544, -0.28489, 0.60419, 0.74415, 13.99607, 2.29741, 1.08318
-0.00532, -0.29475, 0.62525, 0.72260, 14.00878, 2.44701, 1.15378
-0.00519, -0.30450, 0.64537, 0.70053, 14.01218, 2.57976, 1.21737
-0.00486, -0.31596, 0.67204, 0.66970, 14.02755, 2.70903, 1.27332
-0.00458, -0.33193, 0.70577, 0.62585, 14.00906, 2.81868, 1.32591
-0.00538, -0.34765, 0.73940, 0.57654, 13.99270, 2.90997, 1.37138
-0.00558, -0.36691, 0.78101, 0.50533, 13.96682, 2.97758, 1.40727
-0.00646, -0.38729, 0.82239, 0.41670, 13.90911, 3.01837, 1.43913
-0.00632, -0.40121, 0.85509, 0.32835, 13.84900, 3.03654, 1.44095
-0.00733, -0.41626, 0.88768, 0.19673, 13.78490, 3.00661, 1.43824
-0.00718, -0.42245, 0.90463, 0.05599, 13.71541, 2.96367, 1.40975
-0.00737, -0.42124, 0.90384, -0.07464, 13.66879, 2.91694, 1.38719
-0.00736, -0.41341, 0.88863, -0.19843, 13.62930, 2.86898, 1.36824
-0.00472, -0.40525, 0.87753, -0.25631, 13.58898, 2.84887, 1.32915
-0.00593, -0.40609, 0.87778, -0.25410, 13.58876, 2.84329, 1.33561
-0.00643, -0.40681, 0.87778, -0.25292, 13.59035, 2.83869, 1.33845
-0.00669, -0.40684, 0.87816, -0.25153, 13.59482, 2.83551, 1.33856
-0.00674, -0.40713, 0.87847, -0.24998, 13.59265, 2.82929, 1.33574
-0.00666, -0.40696, 0.87856, -0.24995, 13.58897, 2.82914, 1.33404
-0.00658, -0.40701, 0.87865, -0.24953, 13.58797, 2.83091, 1.33338
-0.00683, -0.40717, 0.87866, -0.24925, 13.58307, 2.83230, 1.33644
-0.00688, -0.40727, 0.87867, -0.24905, 13.58373, 2.83143, 1.33692
-0.00697, -0.40730, 0.87863, -0.24914, 13.58291, 2.82923, 1.33619
-0.00697, -0.40719, 0.87858, -0.24949, 13.57804, 2.82993, 1.33619
-0.00707, -0.40728, 0.87857, -0.24937, 13.57540, 2.82850, 1.33672
-0.00708, -0.40714, 0.87862, -0.24941, 13.57284, 2.82972, 1.33630
-0.00718, -0.40721, 0.87862, -0.24930, 13.57127, 2.82814, 1.33647
-0.00722, -0.40727, 0.87861, -0.24926, 13.56874, 2.82777, 1.33665
-0.00739, -0.40733, 0.87858, -0.24927, 13.56769, 2.82704, 1.33761
-0.00741, -0.40730, 0.87858, -0.24930, 13.56478, 2.82730, 1.33770
-0.00750, -0.40734, 0.87857, -0.24928, 13.56099, 2.82693, 1.33825
-0.00754, -0.40734, 0.87857, -0.24925, 13.55927, 2.82621, 1.33770
-0.00759, -0.40736, 0.87856, -0.24925, 13.55609, 2.82640, 1.33780
-0.00767, -0.40742, 0.87854, -0.24924, 13.55465, 2.82575, 1.33826
-0.00773, -0.40748, 0.87852, -0.24922, 13.55197, 2.82526, 1.33820
-0.00787, -0.40762, 0.87846, -0.24917, 13.54923, 2.82454, 1.33935
-0.00796, -0.40764, 0.87846, -0.24914, 13.54776, 2.82341, 1.33933
-0.00797, -0.40761, 0.87852, -0.24899, 13.54379, 2.82270, 1.33851
-0.00800, -0.40773, 0.87885, -0.24761, 13.48370, 2.79332, 1.32322
-0.00815, -0.40807, 0.87928, -0.24552, 13.39885, 2.75426, 1.30479
-0.00780, -0.40823, 0.88014, -0.24214, 13.31354, 2.71028, 1.28003
-0.00788, -0.40854, 0.88085, -0.23903, 13.22457, 2.66973, 1.25912
-0.00798, -0.40886, 0.88121, -0.23713, 13.14371, 2.63325, 1.24138
-0.00808, -0.40925, 0.88206, -0.23330, 13.05224, 2.58891, 1.21923
-0.00822, -0.40952, 0.88269, -0.23039, 12.97185, 2.54879, 1.20032
-0.00818, -0.40977, 0.88314, -0.22822, 12.89217, 2.51173, 1.18038
-0.00821, -0.41007, 0.88402, -0.22426, 12.80137, 2.47088, 1.15981
-0.00833, -0.41048, 0.88464, -0.22104, 12.69950, 2.42817, 1.13865
-0.00836, -0.41083, 0.88504, -0.21878, 12.62328, 2.39447, 1.12125
-0.00828, -0.41097, 0.88590, -0.21500, 12.53826, 2.35759, 1.10026
-0.00841, -0.41127, 0.88641, -0.21230, 12.45233, 2.32108, 1.08269
-0.00857, -0.41220, 0.88821, -0.20274, 12.18960, 2.21394, 1.02761
-0.00834, -0.41232, 0.88881, -0.19985, 12.10698, 2.18296, 1.00850
-0.00864, -0.41283, 0.88942, -0.19604, 12.01370, 2.14569, 0.99257
-0.00874, -0.41301, 0.88985, -0.19367, 11.92492, 2.11569, 0.97723
-0.00872, -0.41332, 0.89047, -0.19014, 11.83598, 2.08154, 0.95935
-0.00871, -0.41354, 0.89115, -0.18645, 11.74559, 2.04846, 0.94115
-0.00886, -0.41387, 0.89146, -0.18419, 11.65846, 2.01768, 0.92595
-0.00879, -0.41415, 0.89214, -0.18023, 11.56713, 1.98424, 0.90748
-0.00901, -0.41452, 0.89260, -0.17709, 11.47874, 1.95282, 0.89368
-0.00906, -0.41482, 0.89297, -0.17451, 11.39287, 1.92350, 0.87866
-0.00911, -0.41535, 0.89356, -0.17014, 11.29489, 1.89033, 0.86143
-0.00916, -0.41547, 0.89407, -0.16714, 11.20512, 1.86227, 0.84648
-0.00907, -0.41565, 0.89447, -0.16454, 11.12141, 1.83427, 0.83138
-0.00916, -0.41601, 0.89506, -0.16037, 11.02456, 1.80278, 0.81557
-0.00924, -0.41623, 0.89542, -0.15776, 10.93336, 1.77617, 0.80168
-0.00910, -0.41639, 0.89591, -0.15454, 10.84610, 1.75028, 0.78573
-0.00922, -0.41669, 0.89643, -0.15064, 10.75153, 1.72177, 0.77157
-0.00919, -0.41675, 0.89684, -0.14805, 10.66250, 1.69690, 0.75735
-0.00921, -0.41705, 0.89728, -0.14445, 10.57049, 1.67130, 0.74400
-0.00922, -0.41722, 0.89782, -0.14057, 10.47518, 1.64439, 0.72923
-0.00929, -0.41748, 0.89807, -0.13820, 10.38718, 1.62013, 0.71660
-0.00945, -0.41790, 0.89852, -0.13393, 10.29131, 1.59510, 0.70403
-0.00936, -0.41782, 0.89902, -0.13074, 10.20166, 1.57017, 0.68951
-0.00930, -0.41791, 0.89938, -0.12794, 10.11310, 1.54915, 0.67634
-0.00916, -0.41801, 0.90001, -0.12317, 10.01474, 1.52320, 0.66118
-0.00916, -0.41805, 0.90042, -0.12000, 9.92121, 1.50133, 0.64795
-0.00908, -0.41825, 0.90069, -0.11725, 9.83423, 1.48295, 0.63686
-0.00903, -0.41842, 0.90116, -0.11291, 9.73586, 1.46109, 0.62412
-0.00909, -0.41860, 0.90145, -0.10989, 9.64374, 1.44025, 0.61270
-0.00890, -0.41865, 0.90182, -0.10664, 9.55389, 1.42194, 0.60024
-0.00890, -0.41881, 0.90223, -0.10248, 9.45841, 1.40146, 0.58833
-0.00890, -0.41881, 0.90252, -0.09991, 9.36894, 1.38170, 0.57694
-0.00880, -0.41916, 0.90321, -0.09183, 9.18081, 1.34509, 0.55598
-0.00882, -0.41928, 0.90344, -0.08901, 9.08946, 1.33001, 0.54593
-0.00870, -0.41937, 0.90385, -0.08431, 8.99285, 1.31319, 0.53614
-0.00865, -0.41956, 0.90434, -0.07791, 8.81006, 1.28400, 0.51828
-0.00851, -0.41971, 0.90467, -0.07312, 8.70812, 1.26882, 0.50790
-0.00858, -0.42007, 0.90502, -0.06640, 8.52615, 1.24260, 0.49144
-0.00846, -0.42016, 0.90532, -0.06152, 8.42499, 1.22999, 0.48252
-0.00841, -0.42019, 0.90553, -0.05814, 8.33147, 1.21910, 0.47459
-0.00824, -0.42008, 0.90578, -0.05501, 8.24357, 1.20832, 0.46753
-0.00812, -0.42024, 0.90600, -0.05003, 8.14226, 1.19605, 0.45878
-0.00811, -0.42024, 0.90614, -0.04734, 8.05184, 1.18767, 0.45354
-0.00803, -0.42026, 0.90633, -0.04345, 7.95659, 1.17801, 0.44614
-0.00798, -0.42029, 0.90652, -0.03890, 7.85942, 1.16929, 0.43995
-0.00794, -0.42024, 0.90666, -0.03605, 7.76708, 1.16143, 0.43400
-0.00773, -0.42026, 0.90681, -0.03174, 7.67031, 1.15468, 0.42783
-0.00770, -0.42042, 0.90708, -0.01975, 7.38904, 1.13780, 0.41441
-0.00775, -0.42044, 0.90720, -0.01256, 7.20154, 1.12922, 0.40701
-0.00765, -0.42050, 0.90723, -0.00709, 7.10003, 1.12567, 0.40355
-0.00760, -0.42044, 0.90728, -0.00366, 7.00781, 1.12143, 0.39971
-0.00749, -0.42058, 0.90722, -0.00051, 6.91683, 1.12166, 0.39745
-0.00745, -0.42064, 0.90718, 0.00495, 6.81505, 1.11989, 0.39438
-0.00738, -0.42055, 0.90720, 0.00808, 6.72346, 1.11989, 0.39273
-0.00731, -0.42055, 0.90716, 0.01193, 6.63185, 1.11980, 0.39097
-0.00726, -0.42047, 0.90711, 0.01715, 6.53411, 1.12116, 0.38936
-0.00727, -0.42049, 0.90705, 0.01980, 6.44491, 1.12368, 0.38895
-0.00715, -0.42036, 0.90700, 0.02441, 6.34853, 1.12491, 0.38777
-0.00705, -0.42022, 0.90693, 0.02907, 6.25147, 1.12845, 0.38724
-0.00710, -0.42024, 0.90683, 0.03167, 6.16456, 1.13295, 0.38730
-0.00698, -0.42009, 0.90669, 0.03719, 6.06543, 1.13655, 0.38711
-0.00692, -0.42010, 0.90652, 0.04103, 5.97303, 1.14261, 0.38759
-0.00694, -0.42000, 0.90643, 0.04396, 5.88651, 1.14852, 0.38852
-0.00695, -0.41999, 0.90613, 0.04988, 5.78476, 1.15406, 0.38871
-0.00697, -0.41982, 0.90601, 0.05328, 5.69429, 1.16144, 0.39080
-0.00688, -0.41958, 0.90591, 0.05687, 5.60589, 1.16875, 0.39252
-0.00693, -0.41945, 0.90561, 0.06238, 5.50719, 1.17694, 0.39386
-0.00690, -0.41930, 0.90544, 0.06567, 5.41706, 1.18541, 0.39656
-0.00684, -0.41918, 0.90514, 0.07049, 5.32334, 1.19582, 0.39894
-0.00683, -0.41893, 0.90481, 0.07594, 5.22731, 1.20636, 0.40195
-0.00686, -0.41894, 0.90457, 0.07870, 5.14049, 1.21812, 0.40517
-0.00688, -0.41859, 0.90422, 0.08434, 5.04379, 1.23092, 0.40938
-0.00688, -0.41852, 0.90381, 0.08897, 4.95174, 1.24498, 0.41376
-0.00680, -0.41847, 0.90355, 0.09185, 4.86524, 1.25838, 0.41810
-0.00686, -0.41837, 0.90291, 0.09832, 4.76541, 1.27481, 0.42373
-0.00682, -0.41829, 0.90256, 0.10188, 4.67601, 1.29103, 0.42954
-0.00677, -0.41827, 0.90213, 0.10565, 4.59077, 1.30635, 0.43444
-0.00671, -0.41806, 0.90151, 0.11157, 4.49443, 1.32452, 0.44149
-0.00656, -0.41761, 0.90072, 0.11944, 4.31616, 1.35829, 0.45473
-0.00661, -0.41739, 0.90013, 0.12455, 4.22028, 1.37851, 0.46239
-0.00665, -0.41732, 0.89979, 0.12718, 4.13587, 1.39809, 0.47001
-0.00666, -0.41712, 0.89911, 0.13250, 4.03682, 1.41904, 0.47815
-0.00687, -0.41694, 0.89844, 0.13753, 3.95183, 1.44160, 0.48599
-0.00690, -0.41702, 0.89801, 0.14009, 3.86847, 1.46283, 0.49387
-0.00696, -0.41682, 0.89719, 0.14582, 3.77380, 1.48675, 0.50232
-0.00697, -0.41664, 0.89662, 0.14982, 3.68787, 1.51096, 0.51180
-0.00696, -0.41634, 0.89624, 0.15284, 3.60445, 1.53291, 0.51980
-0.00704, -0.41598, 0.89532, 0.15910, 3.50783, 1.55795, 0.52907
-0.00700, -0.41572, 0.89475, 0.16292, 3.42276, 1.58328, 0.53915
-0.00708, -0.41549, 0.89415, 0.16676, 3.34116, 1.60672, 0.54832
-0.00714, -0.41509, 0.89324, 0.17252, 3.24869, 1.63599, 0.56002
-0.00722, -0.41511, 0.89313, 0.17307, 3.20569, 1.65006, 0.56490
-0.00726, -0.41502, 0.89315, 0.17317, 3.20796, 1.64961, 0.56523
-0.00728, -0.41511, 0.89314, 0.17300, 3.20939, 1.64945, 0.56479
-0.00734, -0.41520, 0.89311, 0.17293, 3.21222, 1.64966, 0.56433
-0.00741, -0.41516, 0.89312, 0.17301, 3.21344, 1.64871, 0.56347
-0.00739, -0.41517, 0.89313, 0.17294, 3.21533, 1.64885, 0.56331
-0.00744, -0.41515, 0.89315, 0.17288, 3.21679, 1.64772, 0.56241
-0.00748, -0.41517, 0.89314, 0.17286, 3.21865, 1.64777, 0.56147
-0.00755, -0.41517, 0.89315, 0.17279, 3.21941, 1.64710, 0.56077
-0.00753, -0.41516, 0.89316, 0.17278, 3.22082, 1.64703, 0.56042
-0.00760, -0.41517, 0.89316, 0.17276, 3.22196, 1.64729, 0.55977
-0.00766, -0.41518, 0.89316, 0.17273, 3.22326, 1.64637, 0.55873
-0.00765, -0.41518, 0.89317, 0.17268, 3.22446, 1.64598, 0.55817
-0.00774, -0.41515, 0.89319, 0.17262, 3.22625, 1.64584, 0.55744
-0.00778, -0.41514, 0.89320, 0.17261, 3.22700, 1.64518, 0.55663
-0.00782, -0.41513, 0.89320, 0.17260, 3.22889, 1.64500, 0.55609
-0.00770, -0.41443, 0.89108, 0.18483, 3.20531, 1.65524, 0.55979
-0.00782, -0.41199, 0.88609, 0.21225, 3.12615, 1.68283, 0.57023
-0.00817, -0.40727, 0.87474, 0.26246, 3.02754, 1.71143, 0.58148
-0.00813, -0.40150, 0.86118, 0.31161, 2.93100, 1.75231, 0.59699
-0.00808, -0.39545, 0.84760, 0.35373, 2.84911, 1.79922, 0.61409
-0.00852, -0.38849, 0.83163, 0.39674, 2.77047, 1.86889, 0.64478
-0.00841, -0.38128, 0.81587, 0.43465, 2.70308, 1.93745, 0.67548
-0.00846, -0.37380, 0.79849, 0.47182, 2.64389, 2.01123, 0.70572
-0.00849, -0.36512, 0.77829, 0.51077, 2.58281, 2.09970, 0.74460
-0.00831, -0.34555, 0.73501, 0.58334, 2.49371, 2.29418, 0.83216
-0.00826, -0.33432, 0.71063, 0.61901, 2.47135, 2.39933, 0.88037
-0.00804, -0.33042, 0.70152, 0.63137, 2.45828, 2.44971, 0.90273
-0.00820, -0.33051, 0.70162, 0.63121, 2.46425, 2.44677, 0.90165
-0.00818, -0.33057, 0.70156, 0.63125, 2.46971, 2.44534, 0.90031
-0.00833, -0.33044, 0.70179, 0.63105, 2.47062, 2.44506, 0.90002
-0.00821, -0.33056, 0.70164, 0.63116, 2.47306, 2.44378, 0.89954
-0.00828, -0.33041, 0.70178, 0.63109, 2.47564, 2.44241, 0.89901
-0.00832, -0.33045, 0.70198, 0.63083, 2.47796, 2.44031, 0.89705
-0.00838, -0.33056, 0.70237, 0.63035, 2.47939, 2.43846, 0.89551
-0.00831, -0.33057, 0.70231, 0.63041, 2.47961, 2.43793, 0.89543
-0.00839, -0.33036, 0.70218, 0.63066, 2.48048, 2.43793, 0.89459
-0.00840, -0.33037, 0.70218, 0.63066, 2.48289, 2.43706, 0.89380
-0.00845, -0.33023, 0.70224, 0.63066, 2.48327, 2.43644, 0.89301
-0.00844, -0.33023, 0.70225, 0.63064, 2.48546, 2.43587, 0.89289
-0.00846, -0.33018, 0.70231, 0.63061, 2.48735, 2.43472, 0.89211
-0.00852, -0.33007, 0.70237, 0.63060, 2.48761, 2.43349, 0.89106
-0.00853, -0.33002, 0.70240, 0.63059, 2.48972, 2.43260, 0.89048
-0.00851, -0.33005, 0.70236, 0.63063, 2.49291, 2.43242, 0.89000
-0.00859, -0.32988, 0.70244, 0.63062, 2.49383, 2.43067, 0.88884
-0.00864, -0.32979, 0.70249, 0.63061, 2.49469, 2.43162, 0.88870
-0.00858, -0.32977, 0.70251, 0.63061, 2.49691, 2.43017, 0.88797
-0.00864, -0.32966, 0.70254, 0.63063, 2.49707, 2.42969, 0.88714
-0.00862, -0.32970, 0.70252, 0.63062, 2.49951, 2.42825, 0.88657
-0.00874, -0.32955, 0.70260, 0.63061, 2.50150, 2.42758, 0.88569
-0.00867, -0.32954, 0.70260, 0.63062, 2.50229, 2.42701, 0.88512
-0.00871, -0.32954, 0.70260, 0.63062, 2.50523, 2.42552, 0.88390
-0.00880, -0.32944, 0.70261, 0.63066, 2.50553, 2.42576, 0.88372
-0.00877, -0.32939, 0.70264, 0.63065, 2.50790, 2.42409, 0.88252
-0.00872, -0.32940, 0.70268, 0.63060, 2.50887, 2.42342, 0.88141
-0.00880, -0.32927, 0.70270, 0.63065, 2.50971, 2.42299, 0.88085
-0.00882, -0.32966, 0.70372, 0.62930, 2.50601, 2.43806, 0.88721
-0.00894, -0.33017, 0.70486, 0.62776, 2.48901, 2.51570, 0.92163
-0.00891, -0.33097, 0.70643, 0.62556, 2.47287, 2.59634, 0.95776
-0.00886, -0.33143, 0.70753, 0.62407, 2.45441, 2.67093, 0.99125
-0.00894, -0.33186, 0.70884, 0.62236, 2.43141, 2.76171, 1.03166
-0.00913, -0.33239, 0.71043, 0.62026, 2.41251, 2.84311, 1.06696
-0.00907, -0.33296, 0.71154, 0.61868, 2.39440, 2.91683, 1.10136
-0.00908, -0.33359, 0.71300, 0.61666, 2.37559, 2.99735, 1.13727
-0.00903, -0.33443, 0.71432, 0.61466, 2.35505, 3.07687, 1.17353
-0.00897, -0.33501, 0.71536, 0.61314, 2.33495, 3.14959, 1.20540
-0.00888, -0.33572, 0.71708, 0.61075, 2.31271, 3.23207, 1.24324
-0.00889, -0.33638, 0.71834, 0.60890, 2.28788, 3.31593, 1.28044
-0.00888, -0.33691, 0.71951, 0.60722, 2.26698, 3.39188, 1.31527
-0.00890, -0.33767, 0.72112, 0.60488, 2.24279, 3.47288, 1.35190
-0.00891, -0.33836, 0.72239, 0.60299, 2.22266, 3.54346, 1.38368
-0.00901, -0.33876, 0.72357, 0.60134, 2.19999, 3.62120, 1.41909
-0.00887, -0.33887, 0.72365, 0.60119, 2.19601, 3.63379, 1.42458
-0.00885, -0.33888, 0.72359, 0.60125, 2.19749, 3.63293, 1.42411
-0.00883, -0.33890, 0.72364, 0.60118, 2.19928, 3.63114, 1.42318
-0.00884, -0.33894, 0.72362, 0.60118, 2.20028, 3.62946, 1.42246
-0.00878, -0.33893, 0.72366, 0.60113, 2.20300, 3.62708, 1.42124
-0.00877, -0.33890, 0.72368, 0.60112, 2.20604, 3.62498, 1.42026
-0.00878, -0.33894, 0.72366, 0.60114, 2.20705, 3.62398, 1.41926
-0.00872, -0.33902, 0.72356, 0.60120, 2.20811, 3.62259, 1.41881
-0.00870, -0.33907, 0.72359, 0.60114, 2.20962, 3.62196, 1.41816
-0.00872, -0.33910, 0.72363, 0.60108, 2.21196, 3.62049, 1.41713
-0.00871, -0.33906, 0.72360, 0.60114, 2.21362, 3.61974, 1.41658
-0.00870, -0.33912, 0.72363, 0.60107, 2.21481, 3.61745, 1.41523
-0.00879, -0.33998, 0.72561, 0.59819, 2.21966, 3.62082, 1.41550
-0.00855, -0.34339, 0.73338, 0.58665, 2.19159, 3.69311, 1.44873
-0.00837, -0.34649, 0.73974, 0.57677, 2.16869, 3.77074, 1.48368
-0.00840, -0.34908, 0.74560, 0.56758, 2.13959, 3.84880, 1.51781
-0.00844, -0.35284, 0.75327, 0.55499, 2.10794, 3.92583, 1.55276
-0.00846, -0.35578, 0.75945, 0.54459, 2.07589, 4.00044, 1.58705
-0.00849, -0.35835, 0.76521, 0.53475, 2.04363, 4.07287, 1.61913
-0.00853, -0.36215, 0.77365, 0.51985, 2.00381, 4.14638, 1.65135
-0.00854, -0.36485, 0.77964, 0.50889, 1.96691, 4.21655, 1.68232
-0.00858, -0.36804, 0.78595, 0.49675, 1.92411, 4.28547, 1.71366
-0.00859, -0.37252, 0.79463, 0.47929, 1.87502, 4.35506, 1.74793
-0.00838, -0.37486, 0.80065, 0.46730, 1.83084, 4.41912, 1.77500
-0.00820, -0.37812, 0.80753, 0.45261, 1.77767, 4.48215, 1.80395
-0.00844, -0.38413, 0.82113, 0.42203, 1.67012, 4.60021, 1.85427
-0.00849, -0.38726, 0.82816, 0.40510, 1.60932, 4.65556, 1.87841
-0.00836, -0.39050, 0.83504, 0.38749, 1.55632, 4.70386, 1.90051
-0.00827, -0.39332, 0.84058, 0.37237, 1.49642, 4.75165, 1.92206
-0.00844, -0.39658, 0.84849, 0.35031, 1.42309, 4.79932, 1.94114
-0.00813, -0.39964, 0.85443, 0.33191, 1.36141, 4.83822, 1.96100
-0.00812, -0.40185, 0.85994, 0.31457, 1.29450, 4.87881, 1.97650
-0.00816, -0.40516, 0.86698, 0.29004, 1.22365, 4.91026, 1.99180
-0.00814, -0.40751, 0.87203, 0.27099, 1.15306, 4.94259, 2.00582
-0.00814, -0.40983, 0.87666, 0.25187, 1.08090, 4.97275, 2.01854
-0.00804, -0.41266, 0.88283, 0.22417, 1.00571, 4.99796, 2.03020
-0.00811, -0.41460, 0.88695, 0.20339, 0.92879, 5.01791, 2.03818
-0.00801, -0.41674, 0.89090, 0.18044, 0.84960, 5.03301, 2.04834
-0.00782, -0.41854, 0.89510, 0.15347, 0.77042, 5.04335, 2.05266
-0.00774, -0.42006, 0.89766, 0.13301, 0.69785, 5.05295, 2.06036
-0.00807, -0.42143, 0.90065, 0.10565, 0.60943, 5.05631, 2.05932
-0.00788, -0.42194, 0.90305, 0.07999, 0.52503, 5.05825, 2.05649
-0.00777, -0.42291, 0.90438, 0.05646, 0.44025, 5.06102, 2.05845
-0.00791, -0.42358, 0.90530, 0.03070, 0.37105, 5.05161, 2.05595
-0.00807, -0.42345, 0.90586, 0.00622, 0.28865, 5.04160, 2.04914
-0.00782, -0.42323, 0.90588, -0.01402, 0.21196, 5.03004, 2.04271
-0.00791, -0.42308, 0.90505, -0.04283, 0.13072, 5.01674, 2.03591
-0.00785, -0.42241, 0.90417, -0.06309, 0.05430, 4.99418, 2.02354
-0.00810, -0.42152, 0.90306, -0.08209, -0.02199, 4.97336, 2.01130
-0.00794, -0.42050, 0.90068, -0.10906, -0.10632, 4.94701, 1.99868
-0.00809, -0.41991, 0.89842, -0.12824, -0.18202, 4.92503, 1.99055
-0.00802, -0.41873, 0.89607, -0.14716, -0.26380, 4.89493, 1.97578
-0.00808, -0.41723, 0.89270, -0.17010, -0.34151, 4.86156, 1.96107
-0.00804, -0.41599, 0.88981, -0.18742, -0.41192, 4.83081, 1.94803
-0.00819, -0.41403, 0.88625, -0.20752, -0.49071, 4.79379, 1.92612
-0.00828, -0.41234, 0.88237, -0.22656, -0.56052, 4.75664, 1.91103
-0.00834, -0.41065, 0.87910, -0.24183, -0.62831, 4.72051, 1.89098
-0.00832, -0.40869, 0.87430, -0.26173, -0.70508, 4.67729, 1.87296
-0.00842, -0.40675, 0.86996, -0.27867, -0.77314, 4.63365, 1.85210
-0.00853, -0.40508, 0.86633, -0.29207, -0.83548, 4.59260, 1.83215
-0.00859, -0.40270, 0.86072, -0.31131, -0.90482, 4.54262, 1.80954
-0.00877, -0.40040, 0.85604, -0.32679, -0.96762, 4.49312, 1.78534
-0.00881, -0.39823, 0.85160, -0.34075, -1.03220, 4.44348, 1.76055
-0.00890, -0.39560, 0.84511, -0.35946, -1.09213, 4.39073, 1.73757
-0.00899, -0.39293, 0.83958, -0.37500, -1.14827, 4.33274, 1.70957
-0.00904, -0.39096, 0.83530, -0.38645, -1.20528, 4.28117, 1.68490
-0.00901, -0.38780, 0.82871, -0.40344, -1.25855, 4.22443, 1.65669
-0.00895, -0.38501, 0.82350, -0.41658, -1.30695, 4.16918, 1.62905
-0.00894, -0.38267, 0.81823, -0.42893, -1.36056, 4.10824, 1.60105
-0.00907, -0.37978, 0.81186, -0.44336, -1.40878, 4.04852, 1.57239
-0.00899, -0.37438, 0.80063, -0.46771, -1.49811, 3.92950, 1.51476
-0.00915, -0.37135, 0.79414, -0.48099, -1.53877, 3.86816, 1.48368
-0.00902, -0.36869, 0.78918, -0.49109, -1.58086, 3.80627, 1.45211
-0.00922, -0.36582, 0.78226, -0.50414, -1.61566, 3.73576, 1.42043
-0.00915, -0.36297, 0.77623, -0.51539, -1.64877, 3.67012, 1.38999
-0.00917, -0.35822, 0.76648, -0.53301, -1.71132, 3.54644, 1.33006
-0.00906, -0.35593, 0.76222, -0.54061, -1.74344, 3.48045, 1.29628
-0.00920, -0.35498, 0.75963, -0.54486, -1.77067, 3.41770, 1.26696
-0.00936, -0.35125, 0.75180, -0.55797, -1.79992, 3.34659, 1.23190
-0.00940, -0.34660, 0.74218, -0.57353, -1.84215, 3.21808, 1.16958
-0.00920, -0.34080, 0.73102, -0.59108, -1.86116, 3.15071, 1.13422
-0.00957, -0.33738, 0.72302, -0.60277, -1.86961, 3.08093, 1.10233
-0.00948, -0.33045, 0.70780, -0.62428, -1.87402, 3.00073, 1.06798
-0.00906, -0.32975, 0.70714, -0.62541, -1.88248, 2.93612, 1.03554
-0.00911, -0.32962, 0.70645, -0.62625, -1.89761, 2.87227, 1.00480
-0.00911, -0.32927, 0.70548, -0.62753, -1.91128, 2.80349, 0.97285
-0.00882, -0.32890, 0.70479, -0.62850, -1.92067, 2.73315, 0.94090
-0.00888, -0.32874, 0.70400, -0.62947, -1.93169, 2.66677, 0.91006
-0.00859, -0.32830, 0.70298, -0.63084, -1.94518, 2.59827, 0.87985
-0.00855, -0.32795, 0.70229, -0.63180, -1.95745, 2.53344, 0.84864
-0.00846, -0.32750, 0.70148, -0.63293, -1.96990, 2.46605, 0.81640
-0.00838, -0.32710, 0.70020, -0.63455, -1.97886, 2.40067, 0.78703
-0.00832, -0.32659, 0.69927, -0.63584, -1.98850, 2.33310, 0.75428
-0.00805, -0.32604, 0.69806, -0.63746, -2.00164, 2.26211, 0.72226
-0.00786, -0.32527, 0.69669, -0.63934, -2.01250, 2.19476, 0.69002
-0.00764, -0.32476, 0.69559, -0.64080, -2.02194, 2.12680, 0.66002
-0.00751, -0.32405, 0.69387, -0.64303, -2.03043, 2.05724, 0.62771
-0.00725, -0.32370, 0.69383, -0.64325, -2.03449, 2.02539, 0.61132
-0.00727, -0.32373, 0.69388, -0.64318, -2.03184, 2.02607, 0.61130
-0.00730, -0.32369, 0.69390, -0.64317, -2.02884, 2.02779, 0.61109
-0.00719, -0.32381, 0.69393, -0.64309, -2.02831, 2.02776, 0.61254
-0.00690, -0.32380, 0.69409, -0.64292, -2.02777, 2.03008, 0.61560
-0.00673, -0.32388, 0.69414, -0.64283, -2.02543, 2.02974, 0.61776
-0.00678, -0.32386, 0.69421, -0.64276, -2.02289, 2.03190, 0.61752
-0.00655, -0.32379, 0.69426, -0.64274, -2.02133, 2.03192, 0.61818
-0.00624, -0.32245, 0.69130, -0.64660, -2.01904, 2.01458, 0.61304
-0.00630, -0.32122, 0.68821, -0.65050, -2.02042, 1.96086, 0.58899
-0.00610, -0.31913, 0.68369, -0.65627, -2.02477, 1.90854, 0.56528
-0.00588, -0.31715, 0.67896, -0.66212, -2.02761, 1.85160, 0.54167
-0.00552, -0.31510, 0.67500, -0.66712, -2.02591, 1.79863, 0.51766
-0.00535, -0.31184, 0.66800, -0.67565, -2.02866, 1.74374, 0.49117
-0.00520, -0.30898, 0.66166, -0.68317, -2.02589, 1.68251, 0.46425
-0.00498, -0.30634, 0.65512, -0.69062, -2.02978, 1.62722, 0.44063
-0.00468, -0.30181, 0.64578, -0.70132, -2.02285, 1.56868, 0.41372
-0.00427, -0.29760, 0.63731, -0.71081, -2.01352, 1.50708, 0.38540
-0.00416, -0.29266, 0.62663, -0.72227, -2.00661, 1.44871, 0.35964
-0.00365, -0.28666, 0.61421, -0.73523, -1.99145, 1.38720, 0.33148
-0.00377, -0.28140, 0.60298, -0.74646, -1.97684, 1.32833, 0.30338
-0.00360, -0.27352, 0.58617, -0.76261, -1.95788, 1.26339, 0.27447
-0.00327, -0.26585, 0.56928, -0.77797, -1.93947, 1.19758, 0.24543
-0.00288, -0.25863, 0.55407, -0.79127, -1.91458, 1.13357, 0.21898
-0.00272, -0.24801, 0.53103, -0.81024, -1.88881, 1.06813, 0.18998
-0.00288, -0.23764, 0.50965, -0.82691, -1.85431, 1.00261, 0.15632
-0.00227, -0.22829, 0.48966, -0.84149, -1.82241, 0.93668, 0.13075
-0.00200, -0.21485, 0.46143, -0.86076, -1.78312, 0.86722, 0.09864
-0.00198, -0.20306, 0.43600, -0.87674, -1.74259, 0.80619, 0.06952
-0.00203, -0.19063, 0.40952, -0.89216, -1.69772, 0.74913, 0.04268
-0.00224, -0.17628, 0.37913, -0.90839, -1.64398, 0.69124, 0.01356
-0.00163, -0.16500, 0.35444, -0.92041, -1.59151, 0.63647, -0.00582
-0.00134, -0.14912, 0.32080, -0.93533, -1.53167, 0.57917, -0.03219
-0.00081, -0.13646, 0.29161, -0.94675, -1.48004, 0.52244, -0.05067
-0.00064, -0.12414, 0.26636, -0.95585, -1.42314, 0.47853, -0.07327
-0.00065, -0.10273, 0.22096, -0.96986, -1.36262, 0.42030, -0.10189
0.00009, -0.08435, 0.18085, -0.97989, -1.30167, 0.37252, -0.11652
0.00038, -0.07137, 0.15167, -0.98585, -1.25478, 0.33721, -0.12941
-0.00013, -0.07162, 0.15296, -0.98563, -1.24853, 0.34620, -0.13012
0.00008, -0.07197, 0.15314, -0.98558, -1.24620, 0.34646, -0.12717
0.00001, -0.07212, 0.15322, -0.98556, -1.24280, 0.34849, -0.12566
0.00011, -0.07212, 0.15332, -0.98554, -1.24106, 0.34832, -0.12607
0.00016, -0.07217, 0.15356, -0.98550, -1.23707, 0.35176, -0.12506
0.00011, -0.07221, 0.15361, -0.98549, -1.23383, 0.35212, -0.12440
0.00021, -0.07251, 0.15400, -0.98541, -1.23083, 0.35312, -0.12267
0.00028, -0.07275, 0.15416, -0.98536, -1.22845, 0.35494, -0.12009
0.00029, -0.07273, 0.15404, -0.98538, -1.22606, 0.35645, -0.11874
0.00033, -0.07279, 0.15405, -0.98538, -1.22291, 0.35713, -0.11753
0.00030, -0.07285, 0.15410, -0.98537, -1.21876, 0.35758, -0.11721
0.00035, -0.07295, 0.15417, -0.98535, -1.21480, 0.35816, -0.11593
0.00033, -0.07306, 0.15431, -0.98532, -1.21343, 0.36158, -0.11432
0.00038, -0.07316, 0.15436, -0.98530, -1.20934, 0.36132, -0.11284
0.00035, -0.07322, 0.15439, -0.98529, -1.20487, 0.36141, -0.11273
0.00030, -0.07326, 0.15442, -0.98529, -1.20273, 0.36328, -0.11189
0.00041, -0.07339, 0.15450, -0.98526, -1.19939, 0.36348, -0.11008
0.00044, -0.07342, 0.15451, -0.98526, -1.19566, 0.36374, -0.10929
0.00045, -0.07349, 0.15460, -0.98524, -1.19264, 0.36470, -0.10858
0.00038, -0.07358, 0.15462, -0.98523, -1.18860, 0.36549, -0.10786
0.00050, -0.07346, 0.15425, -0.98530, -1.18219, 0.36481, -0.10664
0.00054, -0.07262, 0.15228, -0.98567, -1.10843, 0.34043, -0.11693
0.00029, -0.07203, 0.15120, -0.98588, -1.01946, 0.31786, -0.13035
0.00030, -0.07135, 0.15026, -0.98607, -0.93114, 0.29391, -0.14378
0.00036, -0.07076, 0.14854, -0.98637, -0.83067, 0.26483, -0.15506
0.00027, -0.07006, 0.14713, -0.98663, -0.74126, 0.23684, -0.16888
0.00010, -0.06952, 0.14611, -0.98682, -0.65492, 0.21534, -0.18010
0.00018, -0.06879, 0.14447, -0.98712, -0.56523, 0.18706, -0.19172
0.00027, -0.06831, 0.14330, -0.98732, -0.47697, 0.16111, -0.20328
0.00025, -0.06763, 0.14174, -0.98759, -0.38058, 0.13394, -0.21628
0.00019, -0.06684, 0.14005, -0.98789, -0.28817, 0.10922, -0.22808
0.00012, -0.06645, 0.13893, -0.98807, -0.20687, 0.08589, -0.23882
0.00009, -0.06573, 0.13714, -0.98837, -0.11096, 0.06100, -0.25003
0.00009, -0.06499, 0.13536, -0.98866, -0.01338, 0.03366, -0.26286
0.00002, -0.06454, 0.13419, -0.98885, 0.07597, 0.01171, -0.27324
0.00003, -0.06373, 0.13230, -0.98916, 0.16794, -0.01273, -0.28436
0.00021, -0.06310, 0.13087, -0.98939, 0.25465, -0.03496, -0.29468
0.00024, -0.06245, 0.12955, -0.98960, 0.34382, -0.05897, -0.30597
0.00029, -0.06168, 0.12744, -0.98993, 0.44160, -0.08405, -0.31619
0.00041, -0.06108, 0.12615, -0.99013, 0.52791, -0.10683, -0.32662
0.00034, -0.06044, 0.12466, -0.99036, 0.62190, -0.12972, -0.33773
0.00050, -0.05971, 0.12274, -0.99064, 0.71180, -0.15214, -0.34665
0.00074, -0.05923, 0.12139, -0.99084, 0.80253, -0.17475, -0.35503
0.00081, -0.05449, 0.11111, -0.99231, 1.33751, -0.30595, -0.41898
0.00090, -0.05368, 0.10888, -0.99260, 1.43688, -0.32961, -0.42928
0.00123, -0.05302, 0.10728, -0.99281, 1.53170, -0.35124, -0.43741
0.00142, -0.05246, 0.10568, -0.99301, 1.62392, -0.37212, -0.44587
0.00164, -0.05146, 0.10361, -0.99328, 1.71630, -0.39277, -0.45507
0.00146, -0.05071, 0.10224, -0.99346, 1.80855, -0.41048, -0.46531
0.00149, -0.04991, 0.10056, -0.99368, 1.90432, -0.42979, -0.47466
0.00172, -0.04914, 0.09865, -0.99391, 1.99379, -0.44711, -0.48205
0.00180, -0.04842, 0.09727, -0.99408, 2.08377, -0.46449, -0.49137
0.00162, -0.04763, 0.09546, -0.99429, 2.17974, -0.48168, -0.50116
0.00180, -0.04682, 0.09358, -0.99451, 2.27265, -0.50105, -0.50944
0.00190, -0.04527, 0.09025, -0.99489, 2.45657, -0.53820, -0.52789
0.00193, -0.04452, 0.08864, -0.99507, 2.54726, -0.55435, -0.53637
0.00184, -0.04383, 0.08730, -0.99522, 2.63673, -0.56955, -0.54449
0.00193, -0.04291, 0.08520, -0.99544, 2.73083, -0.58642, -0.55249
0.00189, -0.04220, 0.08380, -0.99559, 2.82410, -0.60131, -0.56152
0.00196, -0.04138, 0.08232, -0.99574, 2.91723, -0.61528, -0.56936
0.00190, -0.04052, 0.08024, -0.99595, 3.01219, -0.63115, -0.57758
0.00183, -0.03978, 0.07893, -0.99608, 3.10052, -0.64426, -0.58578
0.00191, -0.03900, 0.07729, -0.99624, 3.19530, -0.65925, -0.59324
0.00183, -0.03827, 0.07556, -0.99640, 3.28588, -0.67173, -0.60001
0.00178, -0.03750, 0.07417, -0.99654, 3.37607, -0.68479, -0.60767
0.00168, -0.03666, 0.07235, -0.99670, 3.47267, -0.69788, -0.61475
0.00157, -0.03576, 0.07064, -0.99686, 3.56505, -0.71062, -0.62261
0.00156, -0.03508, 0.06920, -0.99698, 3.65291, -0.72271, -0.62877
0.00155, -0.03410, 0.06721, -0.99715, 3.75009, -0.73670, -0.63586
0.00149, -0.03342, 0.06572, -0.99728, 3.83979, -0.74734, -0.64202
0.00137, -0.03274, 0.06440, -0.99739, 3.93019, -0.75703, -0.64840
0.00142, -0.03181, 0.06235, -0.99755, 4.02445, -0.76906, -0.65450
0.00136, -0.03110, 0.06083, -0.99766, 4.11529, -0.77941, -0.66038
0.00141, -0.03042, 0.05936, -0.99777, 4.20694, -0.78925, -0.66526
0.00125, -0.02936, 0.05733, -0.99792, 4.30281, -0.79956, -0.67212
0.00151, -0.02884, 0.05599, -0.99801, 4.38872, -0.80882, -0.67505
0.00129, -0.02797, 0.05446, -0.99812, 4.48453, -0.81756, -0.68168
0.00126, -0.02644, 0.05103, -0.99835, 4.66314, -0.83593, -0.69213
0.00134, -0.02553, 0.04905, -0.99847, 4.75960, -0.84554, -0.69564
0.00133, -0.02472, 0.04733, -0.99857, 4.85138, -0.85400, -0.70051
0.00123, -0.02402, 0.04592, -0.99866, 4.93674, -0.86108, -0.70467
0.00115, -0.02305, 0.04379, -0.99877, 5.03482, -0.86764, -0.70913
0.00109, -0.02233, 0.04224, -0.99886, 5.12345, -0.87472, -0.71301
0.00098, -0.02165, 0.04089, -0.99893, 5.21247, -0.88080, -0.71718
0.00108, -0.02069, 0.03874, -0.99903, 5.30767, -0.88876, -0.72040
0.00099, -0.01996, 0.03721, -0.99911, 5.39946, -0.89439, -0.72450
0.00095, -0.01922, 0.03566, -0.99918, 5.49124, -0.90009, -0.72831
0.00095, -0.01839, 0.03365, -0.99926, 5.58459, -0.90627, -0.73149
0.00089, -0.01775, 0.03222, -0.99932, 5.67246, -0.91078, -0.73465
0.00088, -0.01697, 0.03058, -0.99939, 5.76768, -0.91474, -0.73745
0.00098, -0.01610, 0.02872, -0.99946, 5.85776, -0.91960, -0.74004
0.00091, -0.01552, 0.02742, -0.99950, 5.94548, -0.92426, -0.74351
0.00094, -0.01469, 0.02551, -0.99957, 6.04377, -0.92789, -0.74590
0.00095, -0.01384, 0.02354, -0.99963, 6.14525, -0.93214, -0.74878
0.00100, -0.01326, 0.02220, -0.99967, 6.23303, -0.93591, -0.75125
0.00112, -0.01171, 0.01881, -0.99975, 6.41655, -0.94371, -0.75569
0.00106, -0.01115, 0.01748, -0.99978, 6.50251, -0.94451, -0.75788
0.00108, -0.00954, 0.01394, -0.99986, 6.69189, -0.94961, -0.76162
0.00085, -0.00892, 0.01263, -0.99988, 6.78103, -0.95154, -0.76449
0.00095, -0.00806, 0.01066, -0.99991, 6.87672, -0.95427, -0.76626
0.00096, -0.00742, 0.00918, -0.99993, 6.96626, -0.95492, -0.76706
0.00085, -0.00677, 0.00782, -0.99995, 7.05920, -0.95536, -0.76917
0.00091, -0.00587, 0.00585, -0.99997, 7.15358, -0.95559, -0.77008
0.00073, -0.00530, 0.00458, -0.99998, 7.24243, -0.95412, -0.77115
0.00072, -0.00455, 0.00306, -0.99998, 7.33766, -0.95570, -0.77239
0.00066, -0.00370, 0.00126, -0.99999, 7.43017, -0.95514, -0.77353
0.00052, -0.00305, -0.00016, -1.00000, 7.51880, -0.95362, -0.77438
0.00052, -0.00223, -0.00195, -1.00000, 7.61672, -0.95313, -0.77501
0.00045, -0.00153, -0.00356, -0.99999, 7.70608, -0.95059, -0.77488
0.00028, -0.00093, -0.00488, -0.99999, 7.79403, -0.94775, -0.77547
0.00034, -0.00007, -0.00689, -0.99998, 7.89056, -0.94570, -0.77515
0.00029, 0.00060, -0.00829, -0.99997, 7.98195, -0.94441, -0.77531
0.00016, 0.00117, -0.00960, -0.99995, 8.07288, -0.94211, -0.77594
0.00019, 0.00199, -0.01145, -0.99993, 8.16527, -0.93944, -0.77537
0.00016, 0.00246, -0.01278, -0.99992, 8.25440, -0.93583, -0.77555
0.00003, 0.00312, -0.01417, -0.99989, 8.34796, -0.93208, -0.77531
0.00007, 0.00395, -0.01607, -0.99986, 8.44071, -0.92871, -0.77470
0.00010, 0.00438, -0.01733, -0.99984, 8.53048, -0.92587, -0.77407
-0.00006, 0.00512, -0.01899, -0.99981, 8.63144, -0.91978, -0.77335
-0.00007, 0.00649, -0.02216, -0.99973, 8.80805, -0.91239, -0.77147
-0.00015, 0.00715, -0.02353, -0.99970, 8.90174, -0.90771, -0.77095
0.00000, 0.00773, -0.02519, -0.99965, 8.99078, -0.90407, -0.77009
-0.00016, 0.00830, -0.02654, -0.99961, 9.07661, -0.89792, -0.76940
-0.00017, 0.00971, -0.02958, -0.99952, 9.26017, -0.88712, -0.76589
-0.00035, 0.01020, -0.03091, -0.99947, 9.34695, -0.88020, -0.76521
-0.00044, 0.01095, -0.03275, -0.99940, 9.44221, -0.87302, -0.76384
-0.00036, 0.01152, -0.03411, -0.99935, 9.52948, -0.86657, -0.76224
-0.00053, 0.01205, -0.03531, -0.99930, 9.61801, -0.85790, -0.75996
-0.00048, 0.01332, -0.03842, -0.99917, 9.80661, -0.84461, -0.75663
-0.00060, 0.01395, -0.03967, -0.99912, 9.89718, -0.83552, -0.75362
-0.00085, 0.01576, -0.04350, -0.99893, 10.16651, -0.81151, -0.74633
-0.00086, 0.01646, -0.04516, -0.99884, 10.25501, -0.80271, -0.74381
-0.00083, 0.01682, -0.04619, -0.99879, 10.33789, -0.79368, -0.74122
-0.00088, 0.01745, -0.04770, -0.99871, 10.43126, -0.78330, -0.73861
-0.00111, 0.01812, -0.04922, -0.99862, 10.52028, -0.77090, -0.73536
-0.00107, 0.01841, -0.04974, -0.99859, 10.60099, -0.76334, -0.73288
-0.00111, 0.01834, -0.04977, -0.99859, 10.59702, -0.76060, -0.73267
-0.00127, 0.01833, -0.04968, -0.99860, 10.59244, -0.75764, -0.73210
-0.00138, 0.01829, -0.04960, -0.99860, 10.59052, -0.75631, -0.73246
-0.00133, 0.01828, -0.04974, -0.99859, 10.58933, -0.75501, -0.73273
-0.00138, 0.01820, -0.04975, -0.99859, 10.58519, -0.75384, -0.73273
-0.00138, 0.01818, -0.04978, -0.99859, 10.58205, -0.75160, -0.73241
-0.00142, 0.01808, -0.04980, -0.99859, 10.57900, -0.74946, -0.73249
-0.00143, 0.01807, -0.04981, -0.99859, 10.57712, -0.74788, -0.73215
-0.00142, 0.01803, -0.04992, -0.99859, 10.57419, -0.74619, -0.73203
-0.00140, 0.01801, -0.05005, -0.99858, 10.57224, -0.74442, -0.73207
-0.00145, 0.01797, -0.05004, -0.99858, 10.57008, -0.74293, -0.73175
-0.00147, 0.01790, -0.05001, -0.99859, 10.56676, -0.74122, -0.73218
-0.00152, 0.01782, -0.05006, -0.99859, 10.56455, -0.73901, -0.73203
-0.00139, 0.02785, -0.07269, -0.99697, 10.58836, -0.73991, -0.73334
-0.00153, 0.03780, -0.09349, -0.99490, 10.66106, -0.73205, -0.73121
-0.00153, 0.05262, -0.12478, -0.99079, 10.74062, -0.72077, -0.72716
-0.00182, 0.06268, -0.14603, -0.98729, 10.81788, -0.70123, -0.71989
-0.00218, 0.07184, -0.16546, -0.98359, 10.88901, -0.67727, -0.70985
-0.00260, 0.08515, -0.19352, -0.97739, 10.97049, -0.64532, -0.69613
-0.00250, 0.09482, -0.21461, -0.97208, 11.04260, -0.61089, -0.68225
-0.00275, 0.10403, -0.23381, -0.96670, 11.11520, -0.57481, -0.66642
-0.00261, 0.11270, -0.25298, -0.96088, 11.18193, -0.53423, -0.64958
-0.00257, 0.11951, -0.26796, -0.95599, 11.25267, -0.48891, -0.63000
-0.00273, 0.12704, -0.28396, -0.95038, 11.32082, -0.43489, -0.60608
-0.00290, 0.13507, -0.30111, -0.94397, 11.38747, -0.37964, -0.58163
-0.00289, 0.14104, -0.31402, -0.93888, 11.45135, -0.32592, -0.55815
-0.00292, 0.14844, -0.33000, -0.93223, 11.51677, -0.25997, -0.52875
-0.00302, 0.15514, -0.34409, -0.92603, 11.57273, -0.19972, -0.50117
-0.00314, 0.16076, -0.35613, -0.92050, 11.63282, -0.13552, -0.47266
-0.00310, 0.16801, -0.37191, -0.91293, 11.69191, -0.05964, -0.43794
-0.00310, 0.17359, -0.38375, -0.90697, 11.74729, 0.00936, -0.40604
-0.00321, 0.17803, -0.39310, -0.90209, 11.79694, 0.07850, -0.37516
-0.00342, 0.18437, -0.40638, -0.89490, 11.85366, 0.16233, -0.33755
-0.00336, 0.18851, -0.41513, -0.89001, 11.90455, 0.23716, -0.30252
-0.00351, 0.19211, -0.42292, -0.88556, 11.95237, 0.31489, -0.26819
-0.00368, 0.19739, -0.43383, -0.87910, 12.00079, 0.40309, -0.22691
-0.00375, 0.20069, -0.44103, -0.87476, 12.04670, 0.48531, -0.18941
-0.00369, 0.20465, -0.44900, -0.86977, 12.08873, 0.56940, -0.14965
-0.00368, 0.20860, -0.45753, -0.86438, 12.13499, 0.65960, -0.10712
-0.00381, 0.21157, -0.46363, -0.86039, 12.17723, 0.74159, -0.06920
-0.00387, 0.21505, -0.47100, -0.85551, 12.21954, 0.83675, -0.02484
-0.00402, 0.21800, -0.47742, -0.85120, 12.26445, 0.92911, 0.01666
-0.00406, 0.22052, -0.48258, -0.84763, 12.30055, 1.01373, 0.05635
-0.00422, 0.22360, -0.48871, -0.84330, 12.34396, 1.11447, 0.10367
-0.00437, 0.22623, -0.49415, -0.83941, 12.38273, 1.21322, 0.14906
-0.00453, 0.22858, -0.49881, -0.83602, 12.42095, 1.30354, 0.19211
-0.00458, 0.23081, -0.50348, -0.83260, 12.45832, 1.40410, 0.23858
-0.00481, 0.23491, -0.51167, -0.82643, 12.53141, 1.58768, 0.32476
-0.00487, 0.23736, -0.51658, -0.82267, 12.57901, 1.73114, 0.39124
-0.00494, 0.23745, -0.51663, -0.82261, 12.57320, 1.73228, 0.39221
-0.00505, 0.23733, -0.51654, -0.82270, 12.56926, 1.73240, 0.39162
-0.00513, 0.23748, -0.51672, -0.82254, 12.56154, 1.73572, 0.39341
-0.00518, 0.23723, -0.51646, -0.82278, 12.55667, 1.73421, 0.39113
-0.00527, 0.23732, -0.51644, -0.82277, 12.55419, 1.73504, 0.39241
-0.00544, 0.23742, -0.51647, -0.82272, 12.54982, 1.73459, 0.39163
-0.00538, 0.23739, -0.51649, -0.82271, 12.54585, 1.73420, 0.39166
-0.00544, 0.23742, -0.51643, -0.82274, 12.54093, 1.73443, 0.39209
-0.00552, 0.23745, -0.51656, -0.82265, 12.53758, 1.73565, 0.39158
-0.00564, 0.23751, -0.51658, -0.82262, 12.53412, 1.73671, 0.39191
-0.00568, 0.23749, -0.51662, -0.82260, 12.53016, 1.73739, 0.39150
-0.00574, 0.23764, -0.51699, -0.82232, 12.52616, 1.73904, 0.39174
-0.00572, 0.24019, -0.52258, -0.81804, 12.55609, 1.83345, 0.43551
-0.00580, 0.24308, -0.52874, -0.81321, 12.59032, 1.95253, 0.49082
-0.00597, 0.24761, -0.53782, -0.80586, 12.66821, 2.20189, 0.60925
-0.00622, 0.25057, -0.54409, -0.80071, 12.70083, 2.31695, 0.66258
-0.00635, 0.25067, -0.54447, -0.80042, 12.73831, 2.45694, 0.72703
-0.00647, 0.25199, -0.54736, -0.79803, 12.77278, 2.57768, 0.78362
-0.00638, 0.25336, -0.55000, -0.79578, 12.80925, 2.69777, 0.84156
-0.00640, 0.25430, -0.55207, -0.79405, 12.84429, 2.83964, 0.90718
-0.00658, 0.25611, -0.55583, -0.79084, 12.88279, 2.97454, 0.97067
-0.00672, 0.25790, -0.55906, -0.78797, 12.91047, 3.08762, 1.02590
-0.00670, 0.25980, -0.56306, -0.78449, 12.94981, 3.22101, 1.08880
-0.00686, 0.26052, -0.56377, -0.78374, 12.95395, 3.26972, 1.11505
-0.00696, 0.26068, -0.56364, -0.78378, 12.95473, 3.26646, 1.11570
-0.00698, 0.26059, -0.56389, -0.78363, 12.94916, 3.26935, 1.11527
-0.00715, 0.26084, -0.56380, -0.78361, 12.94464, 3.26917, 1.11699
-0.00719, 0.26062, -0.56393, -0.78359, 12.94109, 3.27041, 1.11537
-0.00716, 0.26047, -0.56393, -0.78363, 12.93879, 3.26875, 1.11336
-0.00723, 0.26053, -0.56397, -0.78359, 12.93370, 3.26917, 1.11368
-0.00721, 0.26041, -0.56382, -0.78373, 12.93160, 3.26699, 1.11245
-0.00729, 0.26049, -0.56396, -0.78360, 12.92477, 3.26870, 1.11348
